,PlayerName,Position,Age,Nationality,Club,MarketValue
0,Kylian Mbappé,Centre-Forward,20,France,Paris Saint-Germain,"200,00 mil. € "
1,Neymar,Left Winger,27,Brazil,Paris Saint-Germain,"180,00 mil. € "
2,Mohamed Salah,Right Winger,27,Egypt,Liverpool FC,"150,00 mil. € "
3,Harry Kane,Centre-Forward,26,England,Tottenham Hotspur,"150,00 mil. € "
4,Eden Hazard,Left Winger,28,Belgium,Real Madrid,"150,00 mil. € "
5,Lionel Messi,Right Winger,32,Argentina,FC Barcelona,"150,00 mil. € "
6,Raheem Sterling,Left Winger,24,England,Manchester City,"140,00 mil. € "
7,Antoine Griezmann,Centre-Forward,28,France,FC Barcelona,"130,00 mil. € "
8,Kevin De Bruyne,Attacking Midfield,28,Belgium,Manchester City,"130,00 mil. € "
9,Sadio Mané,Left Winger,27,Senegal,Liverpool FC,"120,00 mil. € "
10,João Félix,Second Striker,19,Portugal,Atlético Madrid,"100,00 mil. € "
11,Jadon Sancho,Right Winger,19,England,Borussia Dortmund,"100,00 mil. € "
12,Ousmane Dembélé,Left Winger,22,France,FC Barcelona,"100,00 mil. € "
13,Bernardo Silva,Right Winger,25,Portugal,Manchester City,"100,00 mil. € "
14,N'Golo Kanté,Central Midfield,28,France,Chelsea FC,"100,00 mil. € "
15,Leroy Sané,Left Winger,23,Germany,Manchester City,"100,00 mil. € "
16,Virgil van Dijk,Centre-Back,28,Netherlands,Liverpool FC,"100,00 mil. € "
17,Paul Pogba,Central Midfield,26,France,Manchester United,"100,00 mil. € "
18,Jan Oblak,Goalkeeper,26,Slovenia,Atlético Madrid,"100,00 mil. € "
19,Christian Eriksen,Attacking Midfield,27,Denmark,Tottenham Hotspur,"100,00 mil. € "
20,Kai Havertz,Attacking Midfield,20,Germany,Bayer 04 Leverkusen,"90,00 mil. € "
21,Dele Alli,Attacking Midfield,23,England,Tottenham Hotspur,"90,00 mil. € "
22,Saúl Ñíguez,Central Midfield,24,Spain,Atlético Madrid,"90,00 mil. € "
23,Philippe Coutinho,Attacking Midfield,27,Brazil,Bayern Munich,"90,00 mil. € "
24,Marc-André ter Stegen,Goalkeeper,27,Germany,FC Barcelona,"90,00 mil. € "
25,Cristiano Ronaldo,Left Winger,34,Portugal,Juventus FC,"90,00 mil. € "
26,Frenkie de Jong,Central Midfield,22,Netherlands,FC Barcelona,"85,00 mil. € "
27,Rodri,Defensive Midfield,23,Spain,Manchester City,"80,00 mil. € "
28,Trent Alexander-Arnold,Right-Back,21,England,Liverpool FC,"80,00 mil. € "
29,Marcus Rashford,Centre-Forward,21,England,Manchester United,"80,00 mil. € "
30,Roberto Firmino,Centre-Forward,28,Brazil,Liverpool FC,"80,00 mil. € "
31,Alisson,Goalkeeper,27,Brazil,Liverpool FC,"80,00 mil. € "
32,Heung-min Son,Left Winger,27,"Korea, South",Tottenham Hotspur,"80,00 mil. € "
33,Nicolas Pépé,Right Winger,24,Cote d'Ivoire,Arsenal FC,"75,00 mil. € "
34,Matthijs de Ligt,Centre-Back,20,Netherlands,Juventus FC,"75,00 mil. € "
35,Paulo Dybala,Second Striker,25,Argentina,Juventus FC,"75,00 mil. € "
36,Aymeric Laporte,Centre-Back,25,France,Manchester City,"75,00 mil. € "
37,Marco Verratti,Central Midfield,26,Italy,Paris Saint-Germain,"75,00 mil. € "
38,Romelu Lukaku,Centre-Forward,26,Belgium,Inter Milan,"75,00 mil. € "
39,Kalidou Koulibaly,Centre-Back,28,Senegal,SSC Napoli,"75,00 mil. € "
40,Mauro Icardi,Centre-Forward,26,Argentina,Paris Saint-Germain,"75,00 mil. € "
41,Vinícius Júnior,Left Winger,19,Brazil,Real Madrid,"70,00 mil. € "
42,Gabriel Jesus,Centre-Forward,22,Brazil,Manchester City,"70,00 mil. € "
43,Arthur,Central Midfield,23,Brazil,FC Barcelona,"70,00 mil. € "
44,Lucas Hernández,Centre-Back,23,France,Bayern Munich,"70,00 mil. € "
45,José Giménez,Centre-Back,24,Uruguay,Atlético Madrid,"70,00 mil. € "
46,Ederson,Goalkeeper,26,Brazil,Manchester City,"70,00 mil. € "
47,Harry Maguire,Centre-Back,26,England,Manchester United,"70,00 mil. € "
48,Raphaël Varane,Centre-Back,26,France,Real Madrid,"70,00 mil. € "
49,Joshua Kimmich,Right-Back,24,Germany,Bayern Munich,"70,00 mil. € "
50,Alexandre Lacazette,Centre-Forward,28,France,Arsenal FC,"70,00 mil. € "
51,Koke,Right Midfield,27,Spain,Atlético Madrid,"70,00 mil. € "
52,Thiago,Central Midfield,28,Spain,Bayern Munich,"70,00 mil. € "
53,Pierre-Emerick Aubameyang,Centre-Forward,30,Gabon,Arsenal FC,"70,00 mil. € "
54,Miralem Pjanic,Central Midfield,29,Bosnia-Herzegovina,Juventus FC,"70,00 mil. € "
55,Tanguy Ndombélé,Central Midfield,22,France,Tottenham Hotspur,"65,00 mil. € "
56,Sergej Milinkovic-Savic,Central Midfield,24,Serbia,SS Lazio,"65,00 mil. € "
57,Marquinhos,Centre-Back,25,Brazil,Paris Saint-Germain,"65,00 mil. € "
58,Timo Werner,Centre-Forward,23,Germany,RB Leipzig,"65,00 mil. € "
59,Lorenzo Insigne,Left Winger,28,Italy,SSC Napoli,"65,00 mil. € "
60,Jorginho,Defensive Midfield,27,Italy,Chelsea FC,"65,00 mil. € "
61,David de Gea,Goalkeeper,28,Spain,Manchester United,"65,00 mil. € "
62,Robert Lewandowski,Centre-Forward,31,Poland,Bayern Munich,"65,00 mil. € "
63,Sergio Agüero,Centre-Forward,31,Argentina,Manchester City,"65,00 mil. € "
64,Mikel Oyarzabal,Left Winger,22,Spain,Real Sociedad,"60,00 mil. € "
65,Fabián Ruiz,Central Midfield,23,Spain,SSC Napoli,"60,00 mil. € "
66,Federico Chiesa,Right Winger,21,Italy,ACF Fiorentina,"60,00 mil. € "
67,Christian Pulisic,Right Winger,21,United States,Chelsea FC,"60,00 mil. € "
68,Marco Asensio,Left Winger,23,Spain,Real Madrid,"60,00 mil. € "
69,Luka Jovic,Centre-Forward,21,Serbia,Real Madrid,"60,00 mil. € "
70,Kingsley Coman,Left Winger,23,France,Bayern Munich,"60,00 mil. € "
71,Bruno Fernandes,Attacking Midfield,25,Portugal,Sporting CP,"60,00 mil. € "
72,Andrew Robertson,Left-Back,25,Scotland,Liverpool FC,"60,00 mil. € "
73,Milan Skriniar,Centre-Back,24,Slovakia,Inter Milan,"60,00 mil. € "
74,Nabil Fekir,Attacking Midfield,26,France,Real Betis Balompié,"60,00 mil. € "
75,Kepa,Goalkeeper,25,Spain,Chelsea FC,"60,00 mil. € "
76,John Stones,Centre-Back,25,England,Manchester City,"60,00 mil. € "
77,Clément Lenglet,Centre-Back,24,France,FC Barcelona,"60,00 mil. € "
78,Anthony Martial,Left Winger,23,France,Manchester United,"60,00 mil. € "
79,Riyad Mahrez,Right Winger,28,Algeria,Manchester City,"60,00 mil. € "
80,Niklas Süle,Centre-Back,24,Germany,Bayern Munich,"60,00 mil. € "
81,Serge Gnabry,Right Winger,24,Germany,Bayern Munich,"60,00 mil. € "
82,Allan,Central Midfield,28,Brazil,SSC Napoli,"60,00 mil. € "
83,Isco,Attacking Midfield,27,Spain,Real Madrid,"60,00 mil. € "
84,Gareth Bale,Right Winger,30,Wales,Real Madrid,"60,00 mil. € "
85,Toni Kroos,Central Midfield,29,Germany,Real Madrid,"60,00 mil. € "
86,Casemiro,Defensive Midfield,27,Brazil,Real Madrid,"60,00 mil. € "
87,Davinson Sánchez,Centre-Back,23,Colombia,Tottenham Hotspur,"55,00 mil. € "
88,Lucas Torreira,Defensive Midfield,23,Uruguay,Arsenal FC,"55,00 mil. € "
89,Gianluigi Donnarumma,Goalkeeper,20,Italy,AC Milan,"55,00 mil. € "
90,João Cancelo,Right-Back,25,Portugal,Manchester City,"55,00 mil. € "
91,Wilfried Zaha,Right Winger,26,Cote d'Ivoire,Crystal Palace,"55,00 mil. € "
92,Thibaut Courtois,Goalkeeper,27,Belgium,Real Madrid,"55,00 mil. € "
93,David Alaba,Left-Back,27,Austria,Bayern Munich,"55,00 mil. € "
94,Éder Militão,Centre-Back,21,Brazil,Real Madrid,"50,00 mil. € "
95,Richarlison,Left Winger,22,Brazil,Everton FC,"50,00 mil. € "
96,Carlos Soler,Right Winger,22,Spain,Valencia CF,"50,00 mil. € "
97,Declan Rice,Defensive Midfield,20,England,West Ham United,"50,00 mil. € "
98,Giovani Lo Celso,Central Midfield,23,Argentina,Tottenham Hotspur,"50,00 mil. € "
99,Naby Keïta,Central Midfield,24,Guinea,Liverpool FC,"50,00 mil. € "
100,Donny van de Beek,Attacking Midfield,22,Netherlands,Ajax Amsterdam,"50,00 mil. € "
101,Iñaki Williams,Centre-Forward,25,Spain,Athletic Bilbao,"50,00 mil. € "
102,Thomas,Defensive Midfield,26,Ghana,Atlético Madrid,"50,00 mil. € "
103,Fabinho,Defensive Midfield,26,Brazil,Liverpool FC,"50,00 mil. € "
104,Rúben Neves,Defensive Midfield,22,Portugal,Wolverhampton Wanderers,"50,00 mil. € "
105,José Gayà,Left-Back,24,Spain,Valencia CF,"50,00 mil. € "
106,Alessio Romagnoli,Centre-Back,24,Italy,AC Milan,"50,00 mil. € "
107,Julian Brandt,Left Winger,23,Germany,Borussia Dortmund,"50,00 mil. € "
108,Marcelo Brozovic,Defensive Midfield,26,Croatia,Inter Milan,"50,00 mil. € "
109,Leon Goretzka,Central Midfield,24,Germany,Bayern Munich,"50,00 mil. € "
110,Daniel Carvajal,Right-Back,27,Spain,Real Madrid,"50,00 mil. € "
111,Rodrigo,Centre-Forward,28,Spain,Valencia CF,"50,00 mil. € "
112,Álvaro Morata,Centre-Forward,27,Spain,Atlético Madrid,"50,00 mil. € "
113,Paco Alcácer,Centre-Forward,26,Spain,Borussia Dortmund,"50,00 mil. € "
114,Stefan de Vrij,Centre-Back,27,Netherlands,Inter Milan,"50,00 mil. € "
115,Kyle Walker,Right-Back,29,England,Manchester City,"50,00 mil. € "
116,James Rodríguez,Attacking Midfield,28,Colombia,Real Madrid,"50,00 mil. € "
117,Antonio Rüdiger,Centre-Back,26,Germany,Chelsea FC,"50,00 mil. € "
118,Sergi Roberto,Central Midfield,27,Spain,FC Barcelona,"50,00 mil. € "
119,Jordi Alba,Left-Back,30,Spain,FC Barcelona,"50,00 mil. € "
120,Sergio Busquets,Defensive Midfield,31,Spain,FC Barcelona,"50,00 mil. € "
121,Ilkay Gündogan,Central Midfield,29,Germany,Manchester City,"50,00 mil. € "
122,Georginio Wijnaldum,Central Midfield,28,Netherlands,Liverpool FC,"50,00 mil. € "
123,Luis Suárez,Centre-Forward,32,Uruguay,FC Barcelona,"50,00 mil. € "
124,Marco Reus,Attacking Midfield,30,Germany,Borussia Dortmund,"50,00 mil. € "
125,David Neres,Right Winger,22,Brazil,Ajax Amsterdam,"45,00 mil. € "
126,Mattéo Guendouzi,Central Midfield,20,France,Arsenal FC,"45,00 mil. € "
127,Houssem Aouar,Central Midfield,21,France,Olympique Lyon,"45,00 mil. € "
128,Ibrahima Konaté,Centre-Back,20,France,RB Leipzig,"45,00 mil. € "
129,Dani Ceballos,Central Midfield,23,Spain,Arsenal FC,"45,00 mil. € "
130,James Maddison,Attacking Midfield,22,England,Leicester City,"45,00 mil. € "
131,Youri Tielemans,Central Midfield,22,Belgium,Leicester City,"45,00 mil. € "
132,Federico Bernardeschi,Right Winger,25,Italy,Juventus FC,"45,00 mil. € "
133,Florian Thauvin,Right Winger,26,France,Olympique Marseille,"45,00 mil. € "
134,Sébastien Haller,Centre-Forward,25,France,West Ham United,"45,00 mil. € "
135,Memphis Depay,Left Winger,25,Netherlands,Olympique Lyon,"45,00 mil. € "
136,Felipe Anderson,Left Winger,26,Brazil,West Ham United,"45,00 mil. € "
137,Samuel Umtiti,Centre-Back,25,France,FC Barcelona,"45,00 mil. € "
138,Konstantinos Manolas,Centre-Back,28,Greece,SSC Napoli,"45,00 mil. € "
139,Alex Sandro,Left-Back,28,Brazil,Juventus FC,"45,00 mil. € "
140,Duván Zapata,Centre-Forward,28,Colombia,Atalanta BC,"45,00 mil. € "
141,Aaron Wan-Bissaka,Right-Back,21,England,Manchester United,"40,00 mil. € "
142,Rodrygo,Left Winger,18,Brazil,Real Madrid,"40,00 mil. € "
143,Lautaro Martínez,Centre-Forward,22,Argentina,Inter Milan,"40,00 mil. € "
144,Maxi Gómez,Centre-Forward,23,Uruguay,Valencia CF,"40,00 mil. € "
145,Nicolò Zaniolo,Attacking Midfield,20,Italy,AS Roma,"40,00 mil. € "
146,Leon Bailey,Left Winger,22,Jamaica,Bayer 04 Leverkusen,"40,00 mil. € "
147,Moise Kean,Centre-Forward,19,Italy,Everton FC,"40,00 mil. € "
148,Dayot Upamecano,Centre-Back,20,France,RB Leipzig,"40,00 mil. € "
149,Krzysztof Piatek,Centre-Forward,24,Poland,AC Milan,"40,00 mil. € "
150,Malcom,Right Winger,22,Brazil,Zenit St. Petersburg,"40,00 mil. € "
151,Éverton,Left Winger,23,Brazil,Grêmio Foot-Ball Porto Alegrense,"40,00 mil. € "
152,Hirving Lozano,Left Winger,24,Mexico,SSC Napoli,"40,00 mil. € "
153,Ferland Mendy,Left-Back,24,France,Real Madrid,"40,00 mil. € "
154,Lorenzo Pellegrini,Central Midfield,23,Italy,AS Roma,"40,00 mil. € "
155,Manuel Akanji,Centre-Back,24,Switzerland,Borussia Dortmund,"40,00 mil. € "
156,Harry Winks,Central Midfield,23,England,Tottenham Hotspur,"40,00 mil. € "
157,Nélson Semedo,Right-Back,25,Portugal,FC Barcelona,"40,00 mil. € "
158,Gonçalo Guedes,Left Winger,22,Portugal,Valencia CF,"40,00 mil. € "
159,Hakim Ziyech,Right Winger,26,Morocco,Ajax Amsterdam,"40,00 mil. € "
160,Thomas Lemar,Left Winger,23,France,Atlético Madrid,"40,00 mil. € "
161,Jonathan Tah,Centre-Back,23,Germany,Bayer 04 Leverkusen,"40,00 mil. € "
162,Arkadiusz Milik,Centre-Forward,25,Poland,SSC Napoli,"40,00 mil. € "
163,Héctor Bellerín,Right-Back,24,Spain,Arsenal FC,"40,00 mil. € "
164,Corentin Tolisso,Central Midfield,25,France,Bayern Munich,"40,00 mil. € "
165,Ante Rebic,Second Striker,26,Croatia,AC Milan,"40,00 mil. € "
166,Piotr Zielinski,Central Midfield,25,Poland,SSC Napoli,"40,00 mil. € "
167,Wissam Ben Yedder,Centre-Forward,29,France,AS Monaco,"40,00 mil. € "
168,Jesse Lingard,Right Winger,26,England,Manchester United,"40,00 mil. € "
169,Jordan Pickford,Goalkeeper,25,England,Everton FC,"40,00 mil. € "
170,Granit Xhaka,Defensive Midfield,27,Switzerland,Arsenal FC,"40,00 mil. € "
171,Ciro Immobile,Centre-Forward,29,Italy,SS Lazio,"40,00 mil. € "
172,Lucas Moura,Right Winger,27,Brazil,Tottenham Hotspur,"40,00 mil. € "
173,Pablo Sarabia,Right Winger,27,Spain,Paris Saint-Germain,"40,00 mil. € "
174,Aaron Ramsey,Central Midfield,28,Wales,Juventus FC,"40,00 mil. € "
175,Edinson Cavani,Centre-Forward,32,Uruguay,Paris Saint-Germain,"40,00 mil. € "
176,Ángel Di María,Right Winger,31,Argentina,Paris Saint-Germain,"40,00 mil. € "
177,Toby Alderweireld,Centre-Back,30,Belgium,Tottenham Hotspur,"40,00 mil. € "
178,Karim Benzema,Centre-Forward,31,France,Real Madrid,"40,00 mil. € "
179,Filip Kostic,Left Midfield,26,Serbia,Eintracht Frankfurt,"38,00 mil. € "
180,Thorgan Hazard,Left Winger,26,Belgium,Borussia Dortmund,"38,00 mil. € "
181,Douglas Costa,Right Winger,29,Brazil,Juventus FC,"38,00 mil. € "
182,Andrej Kramaric,Centre-Forward,28,Croatia,TSG 1899 Hoffenheim,"38,00 mil. € "
183,Nicolò Barella,Central Midfield,22,Italy,Inter Milan,"36,00 mil. € "
184,Lucas Paquetá,Attacking Midfield,22,Brazil,AC Milan,"35,00 mil. € "
185,Ryan Sessegnon,Left Midfield,19,England,Tottenham Hotspur,"35,00 mil. € "
186,Callum Hudson-Odoi,Left Winger,18,England,Chelsea FC,"35,00 mil. € "
187,Rodrigo Bentancur,Central Midfield,22,Uruguay,Juventus FC,"35,00 mil. € "
188,Benjamin Pavard,Centre-Back,23,France,Bayern Munich,"35,00 mil. € "
189,Mason Mount,Attacking Midfield,20,England,Chelsea FC,"35,00 mil. € "
190,Cengiz Ünder,Right Winger,22,Turkey,AS Roma,"35,00 mil. € "
191,Diogo Jota,Left Winger,22,Portugal,Wolverhampton Wanderers,"35,00 mil. € "
192,Joelinton,Centre-Forward,23,Brazil,Newcastle United,"35,00 mil. € "
193,Ben Chilwell,Left-Back,22,England,Leicester City,"35,00 mil. € "
194,Steven Bergwijn,Left Winger,22,Netherlands,PSV Eindhoven,"35,00 mil. € "
195,Wilfred Ndidi,Defensive Midfield,22,Nigeria,Leicester City,"35,00 mil. € "
196,Issa Diop,Centre-Back,22,France,West Ham United,"35,00 mil. € "
197,Ángel Correa,Right Winger,24,Argentina,Atlético Madrid,"35,00 mil. € "
198,Joe Gomez,Centre-Back,22,England,Liverpool FC,"35,00 mil. € "
199,Alex Telles,Left-Back,26,Brazil,FC Porto,"35,00 mil. € "
200,André Onana,Goalkeeper,23,Cameroon,Ajax Amsterdam,"35,00 mil. € "
201,Abdou Diallo,Centre-Back,23,France,Paris Saint-Germain,"35,00 mil. € "
202,Thilo Kehrer,Centre-Back,23,Germany,Paris Saint-Germain,"35,00 mil. € "
203,Raúl Jiménez,Centre-Forward,28,Mexico,Wolverhampton Wanderers,"35,00 mil. € "
204,Andreas Christensen,Centre-Back,23,Denmark,Chelsea FC,"35,00 mil. € "
205,Victor Lindelöf,Centre-Back,25,Sweden,Manchester United,"35,00 mil. € "
206,Adrien Rabiot,Central Midfield,24,France,Juventus FC,"35,00 mil. € "
207,Tiemoué Bakayoko,Defensive Midfield,25,France,AS Monaco,"35,00 mil. € "
208,Nathan Aké,Centre-Back,24,Netherlands,AFC Bournemouth,"35,00 mil. € "
209,Andrea Belotti,Centre-Forward,25,Italy,Torino FC,"35,00 mil. € "
210,Yussuf Poulsen,Centre-Forward,25,Denmark,RB Leipzig,"35,00 mil. € "
211,Benjamin Mendy,Left-Back,25,France,Manchester City,"35,00 mil. € "
212,Alex Oxlade-Chamberlain,Central Midfield,26,England,Liverpool FC,"35,00 mil. € "
213,Matthias Ginter,Centre-Back,25,Germany,Borussia Mönchengladbach,"35,00 mil. € "
214,Stefan Savic,Centre-Back,28,Montenegro,Atlético Madrid,"35,00 mil. € "
215,Kieran Trippier,Right-Back,29,England,Atlético Madrid,"35,00 mil. € "
216,Gylfi Sigurdsson,Attacking Midfield,30,Iceland,Everton FC,"35,00 mil. € "
217,Julian Draxler,Central Midfield,26,Germany,Paris Saint-Germain,"35,00 mil. € "
218,Joel Matip,Centre-Back,28,Cameroon,Liverpool FC,"35,00 mil. € "
219,Kevin Volland,Centre-Forward,27,Germany,Bayer 04 Leverkusen,"35,00 mil. € "
220,Jordan Henderson,Central Midfield,29,England,Liverpool FC,"35,00 mil. € "
221,Thomas Müller,Second Striker,30,Germany,Bayern Munich,"35,00 mil. € "
222,César Azpilicueta,Right-Back,30,Spain,Chelsea FC,"35,00 mil. € "
223,Paulinho,Central Midfield,31,Brazil,Guangzhou Evergrande Taobao,"35,00 mil. € "
224,Willian,Right Winger,31,Brazil,Chelsea FC,"35,00 mil. € "
225,Mateo Kovacic,Central Midfield,25,Croatia,Chelsea FC,"35,00 mil. € "
226,Wojciech Szczesny,Goalkeeper,29,Poland,Juventus FC,"35,00 mil. € "
227,Alexis Sánchez,Left Winger,30,Chile,Inter Milan,"35,00 mil. € "
228,Mats Hummels,Centre-Back,30,Germany,Borussia Dortmund,"35,00 mil. € "
229,Gonzalo Higuaín,Centre-Forward,31,Argentina,Juventus FC,"35,00 mil. € "
230,Ivan Rakitic,Central Midfield,31,Croatia,FC Barcelona,"35,00 mil. € "
231,Gerard Piqué,Centre-Back,32,Spain,FC Barcelona,"35,00 mil. € "
232,Emre Can,Defensive Midfield,25,Germany,Juventus FC,"33,00 mil. € "
233,Suso,Right Winger,25,Spain,AC Milan,"33,00 mil. € "
234,Tammy Abraham,Centre-Forward,22,England,Chelsea FC,"32,00 mil. € "
235,Rúben Dias,Centre-Back,22,Portugal,SL Benfica,"32,00 mil. € "
236,Alex Iwobi,Left Winger,23,Nigeria,Everton FC,"32,00 mil. € "
237,Alejandro Grimaldo,Left-Back,24,Spain,SL Benfica,"32,00 mil. € "
238,Iñigo Martínez,Centre-Back,28,Spain,Athletic Bilbao,"32,00 mil. € "
239,Kerem Demirbay,Central Midfield,26,Germany,Bayer 04 Leverkusen,"32,00 mil. € "
240,Marcos Alonso,Left-Back,28,Spain,Chelsea FC,"32,00 mil. € "
241,Marko Arnautovic,Centre-Forward,30,Austria,Shanghai SIPG,"32,00 mil. € "
242,Axel Witsel,Defensive Midfield,30,Belgium,Borussia Dortmund,"32,00 mil. € "
243,Nikola Milenkovic,Centre-Back,22,Serbia,ACF Fiorentina,"30,00 mil. € "
244,Ismaïla Sarr,Right Winger,21,Senegal,Watford FC,"30,00 mil. € "
245,Phil Foden,Central Midfield,19,England,Manchester City,"30,00 mil. € "
246,Samu Chukwueze,Right Winger,20,Nigeria,Villarreal CF,"30,00 mil. € "
247,Achraf Hakimi,Right-Back,20,Morocco,Borussia Dortmund,"30,00 mil. € "
248,Sandro Tonali,Defensive Midfield,19,Italy,Brescia Calcio,"30,00 mil. € "
249,Igor Zubeldia,Defensive Midfield,22,Spain,Real Sociedad,"30,00 mil. € "
250,Mouctar Diakhaby,Centre-Back,22,France,Valencia CF,"30,00 mil. € "
251,Marc Roca,Defensive Midfield,22,Spain,RCD Espanyol Barcelona,"30,00 mil. € "
252,Franck Kessié,Central Midfield,22,Cote d'Ivoire,AC Milan,"30,00 mil. € "
253,Dani Olmo,Attacking Midfield,21,Spain,GNK Dinamo Zagreb,"30,00 mil. € "
254,Carles Aleñà,Central Midfield,21,Spain,FC Barcelona,"30,00 mil. € "
255,Moussa Marega,Second Striker,28,Mali,FC Porto,"30,00 mil. € "
256,Marcos Llorente,Defensive Midfield,24,Spain,Atlético Madrid,"30,00 mil. € "
257,Presnel Kimpembe,Centre-Back,24,France,Paris Saint-Germain,"30,00 mil. € "
258,David Brooks,Attacking Midfield,22,Wales,AFC Bournemouth,"30,00 mil. € "
259,Santi Mina,Centre-Forward,23,Spain,Celta de Vigo,"30,00 mil. € "
260,Alex Meret,Goalkeeper,22,Italy,SSC Napoli,"30,00 mil. € "
261,Moussa Dembélé,Centre-Forward,23,France,Olympique Lyon,"30,00 mil. € "
262,Stefano Sensi,Central Midfield,24,Italy,Inter Milan,"30,00 mil. € "
263,Ricardo Pereira,Right-Back,26,Portugal,Leicester City,"30,00 mil. € "
264,Lukas Klostermann,Right-Back,23,Germany,RB Leipzig,"30,00 mil. € "
265,Oleksandr Zinchenko,Left-Back,22,Ukraine,Manchester City,"30,00 mil. € "
266,Ruben Loftus-Cheek,Central Midfield,23,England,Chelsea FC,"30,00 mil. € "
267,Nico Elvedi,Centre-Back,23,Switzerland,Borussia Mönchengladbach,"30,00 mil. € "
268,Maximilian Eggestein,Central Midfield,22,Germany,SV Werder Bremen,"30,00 mil. € "
269,Luke Shaw,Left-Back,24,England,Manchester United,"30,00 mil. € "
270,Eric Dier,Defensive Midfield,25,England,Tottenham Hotspur,"30,00 mil. € "
271,Alassane Plea,Centre-Forward,26,France,Borussia Mönchengladbach,"30,00 mil. € "
272,Matteo Politano,Right Winger,26,Italy,Inter Milan,"30,00 mil. € "
273,Ryan Fraser,Left Winger,25,Scotland,AFC Bournemouth,"30,00 mil. € "
274,Danilo Pereira,Defensive Midfield,28,Portugal,FC Porto,"30,00 mil. € "
275,Ross Barkley,Central Midfield,25,England,Chelsea FC,"30,00 mil. € "
276,Geoffrey Kondogbia,Central Midfield,26,Central African Republic,Valencia CF,"30,00 mil. € "
277,Idrissa Gueye,Defensive Midfield,30,Senegal,Paris Saint-Germain,"30,00 mil. € "
278,Lucas Digne,Left-Back,26,France,Everton FC,"30,00 mil. € "
279,Callum Wilson,Centre-Forward,27,England,AFC Bournemouth,"30,00 mil. € "
280,Willian José,Centre-Forward,27,Brazil,Real Sociedad,"30,00 mil. € "
281,Michael Keane,Centre-Back,26,England,Everton FC,"30,00 mil. € "
282,Marcel Sabitzer,Right Winger,25,Austria,RB Leipzig,"30,00 mil. € "
283,Mário Fernandes,Right-Back,29,Russia,CSKA Moscow,"30,00 mil. € "
284,Thomas Meunier,Right-Back,28,Belgium,Paris Saint-Germain,"30,00 mil. € "
285,Oscar,Attacking Midfield,28,Brazil,Shanghai SIPG,"30,00 mil. € "
286,Bernd Leno,Goalkeeper,27,Germany,Arsenal FC,"30,00 mil. € "
287,Dani Parejo,Central Midfield,30,Spain,Valencia CF,"30,00 mil. € "
288,Dan-Axel Zagadou,Centre-Back,20,France,Borussia Dortmund,"28,00 mil. € "
289,Denis Zakaria,Defensive Midfield,22,Switzerland,Borussia Mönchengladbach,"28,00 mil. € "
290,Borja Iglesias,Centre-Forward,26,Spain,Real Betis Balompié,"28,00 mil. € "
291,Talisca,Right Winger,25,Brazil,Guangzhou Evergrande Taobao,"28,00 mil. € "
292,Gelson Martins,Right Winger,24,Portugal,AS Monaco,"28,00 mil. € "
293,Rafa Silva,Left Midfield,26,Portugal,SL Benfica,"28,00 mil. € "
294,Joaquín Correa,Second Striker,25,Argentina,SS Lazio,"28,00 mil. € "
295,André Gomes,Central Midfield,26,Portugal,Everton FC,"28,00 mil. € "
296,Jean-Philippe Gbamin,Defensive Midfield,24,Cote d'Ivoire,Everton FC,"28,00 mil. € "
297,Morgan Sanson,Central Midfield,25,France,Olympique Marseille,"28,00 mil. € "
298,Yannick Carrasco,Left Winger,26,Belgium,Dalian Yifang,"28,00 mil. € "
299,Nicolás Tagliafico,Left-Back,27,Argentina,Ajax Amsterdam,"28,00 mil. € "
300,Luis Alberto,Attacking Midfield,27,Spain,SS Lazio,"28,00 mil. € "
301,Leonardo Bonucci,Centre-Back,32,Italy,Juventus FC,"28,00 mil. € "
302,Jonathan Ikoné,Attacking Midfield,21,France,LOSC Lille,"27,00 mil. € "
303,Thomas Delaney,Central Midfield,28,Denmark,Borussia Dortmund,"27,00 mil. € "
304,Javi Martínez,Defensive Midfield,31,Spain,Bayern Munich,"27,00 mil. € "
305,William Saliba,Centre-Back,18,France,AS Saint-Étienne,"25,00 mil. € "
306,Ansu Fati,Left Winger,16,Spain,FC Barcelona,"25,00 mil. € "
307,Youcef Atal,Right-Back,23,Algeria,OGC Nice,"25,00 mil. € "
308,Jules Koundé,Centre-Back,20,France,Sevilla FC,"25,00 mil. € "
309,Júnior Firpo,Left-Back,23,Spain,FC Barcelona,"25,00 mil. € "
310,Pablo Fornals,Attacking Midfield,23,Spain,West Ham United,"25,00 mil. € "
311,André Zambo Anguissa,Defensive Midfield,23,Cameroon,Villarreal CF,"25,00 mil. € "
312,Jeff Reine-Adélaïde,Central Midfield,21,France,Olympique Lyon,"25,00 mil. € "
313,Daniel James,Left Winger,21,Wales,Manchester United,"25,00 mil. € "
314,Kieran Tierney,Left-Back,22,Scotland,Arsenal FC,"25,00 mil. € "
315,Yerry Mina,Centre-Back,25,Colombia,Everton FC,"25,00 mil. € "
316,Eric Bailly,Centre-Back,25,Cote d'Ivoire,Manchester United,"25,00 mil. € "
317,Mario Hermoso,Centre-Back,24,Spain,Atlético Madrid,"25,00 mil. € "
318,Álvaro Odriozola,Right-Back,23,Spain,Real Madrid,"25,00 mil. € "
319,Allan Saint-Maximin,Right Winger,22,France,Newcastle United,"25,00 mil. € "
320,Patrick Cutrone,Centre-Forward,21,Italy,Wolverhampton Wanderers,"25,00 mil. € "
321,Aleksandr Golovin,Attacking Midfield,23,Russia,AS Monaco,"25,00 mil. € "
322,Jefferson Lerma,Defensive Midfield,24,Colombia,AFC Bournemouth,"25,00 mil. € "
323,Joachim Andersen,Centre-Back,23,Denmark,Olympique Lyon,"25,00 mil. € "
324,Rodrigo de Paul,Central Midfield,25,Argentina,Udinese Calcio,"25,00 mil. € "
325,Yeray Álvarez,Centre-Back,24,Spain,Athletic Bilbao,"25,00 mil. € "
326,Diego Llorente,Centre-Back,26,Spain,Real Sociedad,"25,00 mil. € "
327,Keita Baldé,Left Winger,24,Senegal,AS Monaco,"25,00 mil. € "
328,Wout Weghorst,Centre-Forward,27,Netherlands,VfL Wolfsburg,"25,00 mil. € "
329,Lucas Vázquez,Right Winger,28,Spain,Real Madrid,"25,00 mil. € "
330,Djené,Centre-Back,27,Togo,Getafe CF,"25,00 mil. € "
331,Jack Grealish,Attacking Midfield,24,England,Aston Villa,"25,00 mil. € "
332,Bryan Cristante,Central Midfield,24,Italy,AS Roma,"25,00 mil. € "
333,Julian Weigl,Defensive Midfield,24,Germany,Borussia Dortmund,"25,00 mil. € "
334,Ben Davies,Left-Back,26,Wales,Tottenham Hotspur,"25,00 mil. € "
335,Stanislav Lobotka,Defensive Midfield,24,Slovakia,Celta de Vigo,"25,00 mil. € "
336,Fred,Central Midfield,26,Brazil,Manchester United,"25,00 mil. € "
337,Shoya Nakajima,Left Midfield,25,Japan,FC Porto,"25,00 mil. € "
338,Emerson,Left-Back,25,Italy,Chelsea FC,"25,00 mil. € "
339,Michy Batshuayi,Centre-Forward,26,Belgium,Chelsea FC,"25,00 mil. € "
340,Rony Lopes,Right Winger,23,Portugal,Sevilla FC,"25,00 mil. € "
341,Raphaël Guerreiro,Left Midfield,25,Portugal,Borussia Dortmund,"25,00 mil. € "
342,Leander Dendoncker,Defensive Midfield,24,Belgium,Wolverhampton Wanderers,"25,00 mil. € "
343,Leandro Paredes,Defensive Midfield,25,Argentina,Paris Saint-Germain,"25,00 mil. € "
344,Kurt Zouma,Centre-Back,24,France,Chelsea FC,"25,00 mil. € "
345,Thiago Mendes,Defensive Midfield,27,Brazil,Olympique Lyon,"25,00 mil. € "
346,Alessandro Florenzi,Right-Back,28,Italy,AS Roma,"25,00 mil. € "
347,Gerard Deulofeu,Right Winger,25,Spain,Watford FC,"25,00 mil. € "
348,Abdoulaye Doucouré,Central Midfield,26,France,Watford FC,"25,00 mil. € "
349,Emil Forsberg,Left Winger,28,Sweden,RB Leipzig,"25,00 mil. € "
350,William Carvalho,Defensive Midfield,27,Portugal,Real Betis Balompié,"25,00 mil. € "
351,Ander Herrera,Central Midfield,30,Spain,Paris Saint-Germain,"25,00 mil. € "
352,Stephan El Shaarawy,Left Winger,26,Italy,Shanghai Greenland Shenhua,"25,00 mil. € "
353,Xherdan Shaqiri,Right Winger,28,Switzerland,Liverpool FC,"25,00 mil. € "
354,Nico Schulz,Left-Back,26,Germany,Borussia Dortmund,"25,00 mil. € "
355,Nemanja Matic,Defensive Midfield,31,Serbia,Manchester United,"25,00 mil. € "
356,Iago Aspas,Centre-Forward,32,Spain,Celta de Vigo,"25,00 mil. € "
357,Sergio Canales,Attacking Midfield,28,Spain,Real Betis Balompié,"25,00 mil. € "
358,Pizzi,Right Midfield,30,Portugal,SL Benfica,"25,00 mil. € "
359,Anthony Lopes,Goalkeeper,29,Portugal,Olympique Lyon,"25,00 mil. € "
360,Asier Illarramendi,Defensive Midfield,29,Spain,Real Sociedad,"25,00 mil. € "
361,Dries Mertens,Centre-Forward,32,Belgium,SSC Napoli,"25,00 mil. € "
362,Henrikh Mkhitaryan,Attacking Midfield,30,Armenia,AS Roma,"25,00 mil. € "
363,Nicolás Otamendi,Centre-Back,31,Argentina,Manchester City,"25,00 mil. € "
364,Aleksandar Mitrovic,Centre-Forward,25,Serbia,Fulham FC,"25,00 mil. € "
365,Danny Rose,Left-Back,29,England,Tottenham Hotspur,"25,00 mil. € "
366,Moussa Sissoko,Central Midfield,30,France,Tottenham Hotspur,"25,00 mil. € "
367,Diego Costa,Centre-Forward,31,Spain,Atlético Madrid,"25,00 mil. € "
368,Marcelo,Left-Back,31,Brazil,Real Madrid,"25,00 mil. € "
369,Dusan Tadic,Left Winger,30,Serbia,Ajax Amsterdam,"25,00 mil. € "
370,Mesut Özil,Attacking Midfield,31,Germany,Arsenal FC,"25,00 mil. € "
371,Sergio Ramos,Centre-Back,33,Spain,Real Madrid,"25,00 mil. € "
372,Hugo Lloris,Goalkeeper,32,France,Tottenham Hotspur,"25,00 mil. € "
373,Arne Maier,Defensive Midfield,20,Germany,Hertha BSC,"24,00 mil. € "
374,Domenico Berardi,Right Winger,25,Italy,US Sassuolo,"24,00 mil. € "
375,Marten de Roon,Central Midfield,28,Netherlands,Atalanta BC,"24,00 mil. € "
376,Dennis Praet,Central Midfield,25,Belgium,Leicester City,"24,00 mil. € "
377,Ivan Perisic,Left Winger,30,Croatia,Bayern Munich,"24,00 mil. € "
378,Daley Blind,Centre-Back,29,Netherlands,Ajax Amsterdam,"24,00 mil. € "
379,Justin Kluivert,Left Winger,20,Netherlands,AS Roma,"23,00 mil. € "
380,Matías Vecino,Central Midfield,28,Uruguay,Inter Milan,"23,00 mil. € "
381,Simone Verdi,Right Winger,27,Italy,Torino FC,"23,00 mil. € "
382,Faouzi Ghoulam,Left-Back,28,Algeria,SSC Napoli,"23,00 mil. € "
383,Jean-Philippe Mateta,Centre-Forward,22,France,1.FSV Mainz 05,"22,00 mil. € "
384,Evan N'Dicka,Centre-Back,20,France,Eintracht Frankfurt,"22,00 mil. € "
385,Rafael Leão,Centre-Forward,20,Portugal,AC Milan,"22,00 mil. € "
386,Nordi Mukiele,Right-Back,21,France,RB Leipzig,"22,00 mil. € "
387,Christian Kouamé,Centre-Forward,21,Cote d'Ivoire,Genoa CFC,"22,00 mil. € "
388,Sander Berge,Defensive Midfield,21,Norway,KRC Genk,"22,00 mil. € "
389,Nahitan Nández,Central Midfield,23,Uruguay,Cagliari Calcio,"22,00 mil. € "
390,Sergio Reguilón,Left-Back,22,Spain,Sevilla FC,"22,00 mil. € "
391,Florian Neuhaus,Central Midfield,22,Germany,Borussia Mönchengladbach,"22,00 mil. € "
392,Gianluca Mancini,Centre-Back,23,Italy,AS Roma,"22,00 mil. € "
393,André Silva,Centre-Forward,23,Portugal,Eintracht Frankfurt,"22,00 mil. € "
394,Florian Grillitsch,Central Midfield,24,Austria,TSG 1899 Hoffenheim,"22,00 mil. € "
395,Davy Klaassen,Central Midfield,26,Netherlands,SV Werder Bremen,"22,00 mil. € "
396,Mike Maignan,Goalkeeper,24,France,LOSC Lille,"22,00 mil. € "
397,Daniele Rugani,Centre-Back,25,Italy,Juventus FC,"22,00 mil. € "
398,Jesús Corona,Right-Back,26,Mexico,FC Porto,"22,00 mil. € "
399,Héctor Herrera,Central Midfield,29,Mexico,Atlético Madrid,"22,00 mil. € "
400,Erik Lamela,Right Winger,27,Argentina,Tottenham Hotspur,"22,00 mil. € "
401,Marc Bartra,Centre-Back,28,Spain,Real Betis Balompié,"22,00 mil. € "
402,Mario Götze,Attacking Midfield,27,Germany,Borussia Dortmund,"22,00 mil. € "
403,Marcel Halstenberg,Left-Back,28,Germany,RB Leipzig,"22,00 mil. € "
404,Kevin Kampl,Central Midfield,29,Slovenia,RB Leipzig,"22,00 mil. € "
405,Jan Vertonghen,Centre-Back,32,Belgium,Tottenham Hotspur,"22,00 mil. € "
406,Blaise Matuidi,Central Midfield,32,France,Juventus FC,"22,00 mil. € "
407,Yacine Brahimi,Left Winger,29,Algeria,Al Rayyan Sports Club,"21,00 mil. € "
408,Eduardo Camavinga,Defensive Midfield,16,Congo,Stade Rennais FC,"20,00 mil. € "
409,João Pedro,Centre-Forward,18,Brazil,Fluminense Football Club,"20,00 mil. € "
410,Kang-in Lee,Attacking Midfield,18,"Korea, South",Valencia CF,"20,00 mil. € "
411,Ademola Lookman,Left Winger,22,England,RB Leipzig,"20,00 mil. € "
412,Amadou Haidara,Central Midfield,21,Mali,RB Leipzig,"20,00 mil. € "
413,Exequiel Palacios,Central Midfield,21,Argentina,Club Atlético River Plate,"20,00 mil. € "
414,Ferran Torres,Right Winger,19,Spain,Valencia CF,"20,00 mil. € "
415,Wesley,Centre-Forward,22,Brazil,Aston Villa,"20,00 mil. € "
416,Federico Valverde,Central Midfield,21,Uruguay,Real Madrid,"20,00 mil. € "
417,Riccardo Orsolini,Right Winger,22,Italy,Bologna FC 1909,"20,00 mil. € "
418,Diogo Dalot,Right-Back,20,Portugal,Manchester United,"20,00 mil. € "
419,Lucas Tousart,Defensive Midfield,22,France,Olympique Lyon,"20,00 mil. € "
420,Gedson Fernandes,Central Midfield,20,Portugal,SL Benfica,"20,00 mil. € "
421,Weston McKennie,Central Midfield,21,United States,FC Schalke 04,"20,00 mil. € "
422,Caglar Söyüncü,Centre-Back,23,Turkey,Leicester City,"20,00 mil. € "
423,Martin Ödegaard,Attacking Midfield,20,Norway,Real Sociedad,"20,00 mil. € "
424,Scott McTominay,Central Midfield,22,Scotland,Manchester United,"20,00 mil. € "
425,Brais Méndez,Right Winger,22,Spain,Celta de Vigo,"20,00 mil. € "
426,Dominic Calvert-Lewin,Centre-Forward,22,England,Everton FC,"20,00 mil. € "
427,Nikola Vlasic,Attacking Midfield,22,Croatia,CSKA Moscow,"20,00 mil. € "
428,Jonathan Bamba,Left Winger,23,France,LOSC Lille,"20,00 mil. € "
429,Demarai Gray,Left Winger,23,England,Leicester City,"20,00 mil. € "
430,Milot Rashica,Left Winger,23,Kosovo,SV Werder Bremen,"20,00 mil. € "
431,Pau López,Goalkeeper,24,Spain,AS Roma,"20,00 mil. € "
432,Miguel Almirón,Attacking Midfield,25,Paraguay,Newcastle United,"20,00 mil. € "
433,Viktor Tsyhankov,Right Winger,21,Ukraine,Dynamo Kyiv,"20,00 mil. € "
434,Aarón Martín,Left-Back,22,Spain,1.FSV Mainz 05,"20,00 mil. € "
435,Lewis Cook,Central Midfield,22,England,AFC Bournemouth,"20,00 mil. € "
436,Ayoze Pérez,Second Striker,26,Spain,Leicester City,"20,00 mil. € "
437,Wendell,Left-Back,26,Brazil,Bayer 04 Leverkusen,"20,00 mil. € "
438,Mariano Díaz,Centre-Forward,26,Dominican Republic,Real Madrid,"20,00 mil. € "
439,Marko Grujic,Central Midfield,23,Serbia,Hertha BSC,"20,00 mil. € "
440,Thomas Strakosha,Goalkeeper,24,Albania,SS Lazio,"20,00 mil. € "
441,Andrea Petagna,Centre-Forward,24,Italy,SPAL,"20,00 mil. € "
442,Jamie Vardy,Centre-Forward,32,England,Leicester City,"20,00 mil. € "
443,Mattia Caldara,Centre-Back,25,Italy,AC Milan,"20,00 mil. € "
444,Luca Waldschmidt,Centre-Forward,23,Germany,SC Freiburg,"20,00 mil. € "
445,Jonny Otto,Left-Back,25,Spain,Wolverhampton Wanderers,"20,00 mil. € "
446,Bernard,Left Winger,27,Brazil,Everton FC,"20,00 mil. € "
447,Jordan Veretout,Central Midfield,26,France,AS Roma,"20,00 mil. € "
448,Niklas Stark,Centre-Back,24,Germany,Hertha BSC,"20,00 mil. € "
449,Felipe,Centre-Back,30,Brazil,Atlético Madrid,"20,00 mil. € "
450,Gabriel Paulista,Centre-Back,28,Brazil,Valencia CF,"20,00 mil. € "
451,Divock Origi,Centre-Forward,24,Belgium,Liverpool FC,"20,00 mil. € "
452,Remo Freuler,Central Midfield,27,Switzerland,Atalanta BC,"20,00 mil. € "
453,Lewis Dunk,Centre-Back,27,England,Brighton & Hove Albion,"20,00 mil. € "
454,Danilo,Right-Back,28,Brazil,Juventus FC,"20,00 mil. € "
455,Pavel Kaderabek,Right-Back,27,Czech Republic,TSG 1899 Hoffenheim,"20,00 mil. € "
456,Manuel Lanzini,Attacking Midfield,26,Argentina,West Ham United,"20,00 mil. € "
457,Nathan Redmond,Left Winger,25,England,Southampton FC,"20,00 mil. € "
458,Jérôme Roussillon,Left-Back,26,France,VfL Wolfsburg,"20,00 mil. € "
459,Chris Smalling,Centre-Back,29,England,AS Roma,"20,00 mil. € "
460,Jannik Vestergaard,Centre-Back,27,Denmark,Southampton FC,"20,00 mil. € "
461,Sead Kolasinac,Left-Back,26,Bosnia-Herzegovina,Arsenal FC,"20,00 mil. € "
462,Willi Orban,Centre-Back,26,Hungary,RB Leipzig,"20,00 mil. € "
463,Joshua King,Second Striker,27,Norway,AFC Bournemouth,"20,00 mil. € "
464,Sime Vrsaljko,Right-Back,27,Croatia,Atlético Madrid,"20,00 mil. € "
465,Francis Coquelin,Defensive Midfield,28,France,Valencia CF,"20,00 mil. € "
466,Luka Milivojevic,Defensive Midfield,28,Serbia,Crystal Palace,"20,00 mil. € "
467,Andrii Yarmolenko,Right Winger,30,Ukraine,West Ham United,"20,00 mil. € "
468,Pedro,Right Winger,32,Spain,Chelsea FC,"20,00 mil. € "
469,Yuri Berchiche,Left-Back,29,Spain,Athletic Bilbao,"20,00 mil. € "
470,José Callejón,Right Winger,32,Spain,SSC Napoli,"20,00 mil. € "
471,Nicolas N'Koulou,Centre-Back,29,Cameroon,Torino FC,"20,00 mil. € "
472,Nacho,Centre-Back,29,Spain,Real Madrid,"20,00 mil. € "
473,Giacomo Bonaventura,Central Midfield,30,Italy,AC Milan,"20,00 mil. € "
474,Diego Godín,Centre-Back,33,Uruguay,Inter Milan,"20,00 mil. € "
475,David Luiz,Centre-Back,32,Brazil,Arsenal FC,"20,00 mil. € "
476,Mario Balotelli,Centre-Forward,29,Italy,Brescia Calcio,"20,00 mil. € "
477,Rui Patrício,Goalkeeper,31,Portugal,Wolverhampton Wanderers,"20,00 mil. € "
478,Juan Mata,Attacking Midfield,31,Spain,Manchester United,"20,00 mil. € "
479,Radja Nainggolan,Central Midfield,31,Belgium,Cagliari Calcio,"20,00 mil. € "
480,Dejan Lovren,Centre-Back,30,Croatia,Liverpool FC,"20,00 mil. € "
481,David Silva,Attacking Midfield,33,Spain,Manchester City,"20,00 mil. € "
482,Sokratis,Centre-Back,31,Greece,Arsenal FC,"20,00 mil. € "
483,Armando Izzo,Centre-Back,27,Italy,Torino FC,"20,00 mil. € "
484,Luka Modric,Central Midfield,34,Croatia,Real Madrid,"20,00 mil. € "
485,Alessio Cragno,Goalkeeper,25,Italy,Cagliari Calcio,"20,00 mil. € "
486,Valentino Lazaro,Right Midfield,23,Austria,Inter Milan,"19,00 mil. € "
487,Ismaily,Left-Back,29,Brazil,Shakhtar Donetsk,"19,00 mil. € "
488,Steven Nzonzi,Defensive Midfield,30,France,Galatasaray SK,"19,00 mil. € "
489,Matheus Henrique,Central Midfield,21,Brazil,Grêmio Foot-Ball Porto Alegrense,"18,00 mil. € "
490,Benoît Badiashile,Centre-Back,18,France,AS Monaco,"18,00 mil. € "
491,Colin Dagba,Right-Back,21,France,Paris Saint-Germain,"18,00 mil. € "
492,Pedro,Centre-Forward,22,Brazil,ACF Fiorentina,"18,00 mil. € "
493,Fran Beltrán,Central Midfield,20,Spain,Celta de Vigo,"18,00 mil. € "
494,Boubacar Kamara,Centre-Back,19,France,Olympique Marseille,"18,00 mil. € "
495,Sean Longstaff,Central Midfield,21,England,Newcastle United,"18,00 mil. € "
496,Boubakary Soumaré,Defensive Midfield,20,France,LOSC Lille,"18,00 mil. € "
497,Malang Sarr,Left-Back,20,France,OGC Nice,"18,00 mil. € "
498,Theo Hernández,Left-Back,22,France,AC Milan,"18,00 mil. € "
499,Manuel Lazzari,Right Midfield,25,Italy,SS Lazio,"18,00 mil. € "
