,PlayerName,Position,Age,Nationality,Club,MarketValue,Matches,Goals,Owngoals,Assists,Yellowcards,SecondYellowCard,Redcard,SubstitutionsOn,SubstitutionsOff
0,Kylian Mbappé,Centre-Forward,20,France,Paris Saint-Germain,"200,00 mil. € ",9,8,0,4,1,0,0,4,2
1,Neymar,Left Winger,27,Brazil,Paris Saint-Germain,"180,00 mil. € ",9,5,0,1,1,0,0,1,2
2,Mohamed Salah,Right Winger,27,Egypt,Liverpool FC,"150,00 mil. € ",14,8,0,4,0,0,0,0,5
3,Harry Kane,Centre-Forward,26,England,Tottenham Hotspur,"150,00 mil. € ",13,10,0,1,1,0,0,0,1
4,Eden Hazard,Left Winger,28,Belgium,Real Madrid,"150,00 mil. € ",7,1,0,2,1,0,0,1,5
5,Lionel Messi,Right Winger,32,Argentina,FC Barcelona,"150,00 mil. € ",7,3,0,3,0,0,0,2,1
6,Raheem Sterling,Left Winger,24,England,Manchester City,"140,00 mil. € ",14,13,0,5,3,0,0,1,3
7,Antoine Griezmann,Centre-Forward,28,France,FC Barcelona,"130,00 mil. € ",11,4,0,3,2,0,0,0,3
8,Kevin De Bruyne,Attacking Midfield,28,Belgium,Manchester City,"130,00 mil. € ",12,3,0,9,2,0,0,1,8
9,Sadio Mané,Left Winger,27,Senegal,Liverpool FC,"120,00 mil. € ",15,9,0,5,0,0,0,1,5
10,João Félix,Second Striker,19,Portugal,Atlético Madrid,"100,00 mil. € ",11,3,0,1,2,0,0,0,9
11,Jadon Sancho,Right Winger,19,England,Borussia Dortmund,"100,00 mil. € ",13,4,0,7,0,0,0,1,5
12,Ousmane Dembélé,Left Winger,22,France,FC Barcelona,"100,00 mil. € ",5,1,0,0,2,0,1,3,0
13,Bernardo Silva,Right Winger,25,Portugal,Manchester City,"100,00 mil. € ",13,4,0,2,2,0,0,4,4
14,N'Golo Kanté,Central Midfield,28,France,Chelsea FC,"100,00 mil. € ",6,2,0,0,1,0,0,1,0
15,Leroy Sané,Left Winger,23,Germany,Manchester City,"100,00 mil. € ",1,0,0,0,0,0,0,0,1
16,Virgil van Dijk,Centre-Back,28,Netherlands,Liverpool FC,"100,00 mil. € ",15,1,0,1,0,0,0,0,0
17,Paul Pogba,Central Midfield,26,France,Manchester United,"100,00 mil. € ",6,0,0,2,0,0,0,0,0
18,Jan Oblak,Goalkeeper,26,Slovenia,Atlético Madrid,"100,00 mil. € ",13,0,0,0,0,0,0,0,1
19,Christian Eriksen,Attacking Midfield,27,Denmark,Tottenham Hotspur,"100,00 mil. € ",13,1,0,1,2,0,0,5,3
20,Kai Havertz,Attacking Midfield,20,Germany,Bayer 04 Leverkusen,"90,00 mil. € ",13,4,0,1,1,0,0,0,2
21,Dele Alli,Attacking Midfield,23,England,Tottenham Hotspur,"90,00 mil. € ",7,1,0,0,1,0,0,1,3
22,Saúl Ñíguez,Central Midfield,24,Spain,Atlético Madrid,"90,00 mil. € ",13,1,0,0,4,0,0,0,0
23,Philippe Coutinho,Attacking Midfield,27,Brazil,Bayern Munich,"90,00 mil. € ",15,2,0,4,0,0,0,3,7
24,Marc-André ter Stegen,Goalkeeper,27,Germany,FC Barcelona,"90,00 mil. € ",13,0,0,1,0,0,0,0,0
25,Cristiano Ronaldo,Left Winger,34,Portugal,Juventus FC,"90,00 mil. € ",10,5,0,1,0,0,0,0,0
26,Frenkie de Jong,Central Midfield,22,Netherlands,FC Barcelona,"85,00 mil. € ",12,1,0,1,1,0,0,1,3
27,Rodri,Defensive Midfield,23,Spain,Manchester City,"80,00 mil. € ",13,1,0,0,3,0,0,1,3
28,Trent Alexander-Arnold,Right-Back,21,England,Liverpool FC,"80,00 mil. € ",14,1,0,3,4,0,0,1,1
29,Marcus Rashford,Centre-Forward,21,England,Manchester United,"80,00 mil. € ",13,5,0,3,1,0,0,2,4
30,Roberto Firmino,Centre-Forward,28,Brazil,Liverpool FC,"80,00 mil. € ",19,4,0,8,0,0,0,2,12
31,Alisson,Goalkeeper,27,Brazil,Liverpool FC,"80,00 mil. € ",5,0,0,0,0,0,0,0,1
32,Heung-min Son,Left Winger,27,"Korea, South",Tottenham Hotspur,"80,00 mil. € ",16,7,0,5,1,0,0,3,6
33,Nicolas Pépé,Right Winger,24,Cote d'Ivoire,Arsenal FC,"75,00 mil. € ",14,4,0,3,1,0,0,5,4
34,Matthijs de Ligt,Centre-Back,20,Netherlands,Juventus FC,"75,00 mil. € ",10,0,0,0,2,0,0,0,0
35,Paulo Dybala,Second Striker,25,Argentina,Juventus FC,"75,00 mil. € ",14,4,0,4,1,0,0,6,6
36,Aymeric Laporte,Centre-Back,25,France,Manchester City,"75,00 mil. € ",4,0,0,0,1,0,0,0,1
37,Marco Verratti,Central Midfield,26,Italy,Paris Saint-Germain,"75,00 mil. € ",13,0,0,2,5,0,0,1,1
38,Romelu Lukaku,Centre-Forward,26,Belgium,Inter Milan,"75,00 mil. € ",11,6,0,0,0,0,0,1,4
39,Kalidou Koulibaly,Centre-Back,28,Senegal,SSC Napoli,"75,00 mil. € ",11,0,1,0,2,0,1,1,0
40,Mauro Icardi,Centre-Forward,26,Argentina,Paris Saint-Germain,"75,00 mil. € ",7,7,0,1,1,0,0,1,4
41,Vinícius Júnior,Left Winger,19,Brazil,Real Madrid,"70,00 mil. € ",10,1,0,1,2,0,0,6,3
42,Gabriel Jesus,Centre-Forward,22,Brazil,Manchester City,"70,00 mil. € ",13,5,0,2,0,0,0,5,3
43,Arthur,Central Midfield,23,Brazil,FC Barcelona,"70,00 mil. € ",12,2,0,4,0,0,0,1,6
44,Lucas Hernández,Centre-Back,23,France,Bayern Munich,"70,00 mil. € ",9,0,0,0,2,0,0,1,3
45,José Giménez,Centre-Back,24,Uruguay,Atlético Madrid,"70,00 mil. € ",15,0,0,1,1,0,0,0,1
46,Ederson,Goalkeeper,26,Brazil,Manchester City,"70,00 mil. € ",17,0,0,0,2,0,0,0,0
47,Harry Maguire,Centre-Back,26,England,Manchester United,"70,00 mil. € ",11,0,0,0,1,0,0,0,0
48,Raphaël Varane,Centre-Back,26,France,Real Madrid,"70,00 mil. € ",10,0,0,1,2,0,0,0,0
49,Joshua Kimmich,Right-Back,24,Germany,Bayern Munich,"70,00 mil. € ",15,1,0,4,5,0,0,0,1
50,Alexandre Lacazette,Centre-Forward,28,France,Arsenal FC,"70,00 mil. € ",6,2,0,0,2,0,0,2,3
51,Koke,Right Midfield,27,Spain,Atlético Madrid,"70,00 mil. € ",13,0,0,1,3,0,0,0,3
52,Thiago,Central Midfield,28,Spain,Bayern Munich,"70,00 mil. € ",12,0,0,2,5,0,0,1,4
53,Pierre-Emerick Aubameyang,Centre-Forward,30,Gabon,Arsenal FC,"70,00 mil. € ",12,8,0,0,2,0,0,1,0
54,Miralem Pjanic,Central Midfield,29,Bosnia-Herzegovina,Juventus FC,"70,00 mil. € ",12,3,0,3,3,0,0,1,3
55,Tanguy Ndombélé,Central Midfield,22,France,Tottenham Hotspur,"65,00 mil. € ",11,2,0,3,2,0,0,3,6
56,Sergej Milinkovic-Savic,Central Midfield,24,Serbia,SS Lazio,"65,00 mil. € ",12,2,0,4,2,0,0,2,5
57,Marquinhos,Centre-Back,25,Brazil,Paris Saint-Germain,"65,00 mil. € ",17,1,0,1,2,0,0,2,2
58,Timo Werner,Centre-Forward,23,Germany,RB Leipzig,"65,00 mil. € ",13,8,0,1,0,0,0,0,7
59,Lorenzo Insigne,Left Winger,28,Italy,SSC Napoli,"65,00 mil. € ",10,4,0,5,0,0,0,2,5
60,Jorginho,Defensive Midfield,27,Italy,Chelsea FC,"65,00 mil. € ",14,2,0,1,5,0,0,0,2
61,David de Gea,Goalkeeper,28,Spain,Manchester United,"65,00 mil. € ",11,0,0,0,0,0,0,0,0
62,Robert Lewandowski,Centre-Forward,31,Poland,Bayern Munich,"65,00 mil. € ",14,19,0,0,3,0,0,0,2
63,Sergio Agüero,Centre-Forward,31,Argentina,Manchester City,"65,00 mil. € ",11,10,0,2,0,0,0,3,2
64,Mikel Oyarzabal,Left Winger,22,Spain,Real Sociedad,"60,00 mil. € ",10,4,0,3,1,0,0,0,3
65,Fabián Ruiz,Central Midfield,23,Spain,SSC Napoli,"60,00 mil. € ",11,1,0,1,3,0,0,1,0
66,Federico Chiesa,Right Winger,22,Italy,ACF Fiorentina,"60,00 mil. € ",10,3,0,4,2,0,0,0,4
67,Christian Pulisic,Right Winger,21,United States,Chelsea FC,"60,00 mil. € ",13,4,0,5,0,0,0,4,5
68,Marco Asensio,Left Winger,23,Spain,Real Madrid,"60,00 mil. € ",0,0,0,0,0,0,0,0,0
69,Luka Jovic,Centre-Forward,21,Serbia,Real Madrid,"60,00 mil. € ",9,0,0,0,0,0,0,6,2
70,Kingsley Coman,Left Winger,23,France,Bayern Munich,"60,00 mil. € ",12,3,0,3,0,0,0,0,4
71,Bruno Fernandes,Attacking Midfield,25,Portugal,Sporting CP,"60,00 mil. € ",13,7,0,5,6,1,0,1,0
72,Andrew Robertson,Left-Back,25,Scotland,Liverpool FC,"60,00 mil. € ",15,1,0,3,1,0,0,0,2
73,Milan Skriniar,Centre-Back,24,Slovakia,Inter Milan,"60,00 mil. € ",12,0,0,0,1,0,0,0,0
74,Nabil Fekir,Attacking Midfield,26,France,Real Betis Balompié,"60,00 mil. € ",8,2,0,1,4,0,0,1,1
75,Kepa,Goalkeeper,25,Spain,Chelsea FC,"60,00 mil. € ",14,0,0,0,0,0,0,0,0
76,John Stones,Centre-Back,25,England,Manchester City,"60,00 mil. € ",6,0,0,0,0,0,0,2,0
77,Clément Lenglet,Centre-Back,24,France,FC Barcelona,"60,00 mil. € ",11,0,0,1,1,1,0,0,0
78,Anthony Martial,Left Winger,23,France,Manchester United,"60,00 mil. € ",6,4,0,1,1,0,0,1,2
79,Riyad Mahrez,Right Winger,28,Algeria,Manchester City,"60,00 mil. € ",15,5,0,9,0,0,0,5,3
80,Niklas Süle,Centre-Back,24,Germany,Bayern Munich,"60,00 mil. € ",13,0,0,1,1,0,0,0,2
81,Serge Gnabry,Right Winger,24,Germany,Bayern Munich,"60,00 mil. € ",13,7,0,6,1,0,0,3,5
82,Allan,Central Midfield,28,Brazil,SSC Napoli,"60,00 mil. € ",11,0,0,1,2,0,0,0,3
83,Isco,Attacking Midfield,27,Spain,Real Madrid,"60,00 mil. € ",4,0,0,0,0,0,0,2,2
84,Gareth Bale,Right Winger,30,Wales,Real Madrid,"60,00 mil. € ",8,2,0,2,0,1,0,1,3
85,Toni Kroos,Central Midfield,29,Germany,Real Madrid,"60,00 mil. € ",11,2,0,2,2,0,0,0,2
86,Casemiro,Defensive Midfield,27,Brazil,Real Madrid,"60,00 mil. € ",16,4,0,1,4,0,0,0,2
87,Davinson Sánchez,Centre-Back,23,Colombia,Tottenham Hotspur,"55,00 mil. € ",12,0,0,0,3,0,0,0,2
88,Lucas Torreira,Defensive Midfield,23,Uruguay,Arsenal FC,"55,00 mil. € ",13,1,0,0,0,0,0,5,3
89,Gianluigi Donnarumma,Goalkeeper,20,Italy,AC Milan,"55,00 mil. € ",8,0,0,0,1,0,0,0,0
90,João Cancelo,Right-Back,25,Portugal,Manchester City,"55,00 mil. € ",9,0,0,0,2,0,0,4,0
91,Wilfried Zaha,Right Winger,26,Cote d'Ivoire,Crystal Palace,"55,00 mil. € ",12,1,0,2,1,0,0,2,0
92,Thibaut Courtois,Goalkeeper,27,Belgium,Real Madrid,"55,00 mil. € ",10,0,0,0,1,0,0,0,1
93,David Alaba,Left-Back,27,Austria,Bayern Munich,"55,00 mil. € ",8,1,0,0,0,0,0,1,2
94,Éder Militão,Centre-Back,21,Brazil,Real Madrid,"50,00 mil. € ",5,0,0,0,1,0,0,1,0
95,Richarlison,Left Winger,22,Brazil,Everton FC,"50,00 mil. € ",16,3,0,2,2,0,0,2,6
96,Carlos Soler,Right Winger,22,Spain,Valencia CF,"50,00 mil. € ",4,0,0,0,0,0,0,2,1
97,Declan Rice,Defensive Midfield,20,England,West Ham United,"50,00 mil. € ",10,0,0,0,2,0,0,0,0
98,Giovani Lo Celso,Central Midfield,23,Argentina,Tottenham Hotspur,"50,00 mil. € ",6,0,0,0,0,0,0,5,1
99,Naby Keïta,Central Midfield,24,Guinea,Liverpool FC,"50,00 mil. € ",5,0,0,0,0,0,0,3,1
100,Donny van de Beek,Attacking Midfield,22,Netherlands,Ajax Amsterdam,"50,00 mil. € ",15,4,0,6,1,0,0,1,3
101,Iñaki Williams,Centre-Forward,25,Spain,Athletic Bilbao,"50,00 mil. € ",10,2,0,1,0,0,0,0,6
102,Thomas,Defensive Midfield,26,Ghana,Atlético Madrid,"50,00 mil. € ",12,2,0,0,4,0,0,2,4
103,Fabinho,Defensive Midfield,26,Brazil,Liverpool FC,"50,00 mil. € ",17,0,0,2,5,0,0,3,1
104,Rúben Neves,Defensive Midfield,22,Portugal,Wolverhampton Wanderers,"50,00 mil. € ",17,2,0,1,4,0,0,4,5
105,José Gayà,Left-Back,24,Spain,Valencia CF,"50,00 mil. € ",6,0,0,0,1,0,0,0,1
106,Alessio Romagnoli,Centre-Back,24,Italy,AC Milan,"50,00 mil. € ",9,0,0,0,2,0,0,0,0
107,Julian Brandt,Left Winger,23,Germany,Borussia Dortmund,"50,00 mil. € ",13,1,0,2,0,0,0,7,6
108,Marcelo Brozovic,Defensive Midfield,26,Croatia,Inter Milan,"50,00 mil. € ",12,2,0,2,2,0,0,0,1
109,Leon Goretzka,Central Midfield,24,Germany,Bayern Munich,"50,00 mil. € ",4,1,0,1,0,0,0,3,0
110,Daniel Carvajal,Right-Back,27,Spain,Real Madrid,"50,00 mil. € ",9,0,0,3,3,0,0,0,0
111,Rodrigo,Centre-Forward,28,Spain,Valencia CF,"50,00 mil. € ",11,2,0,4,2,0,1,1,5
112,Álvaro Morata,Centre-Forward,27,Spain,Atlético Madrid,"50,00 mil. € ",9,3,0,0,1,1,0,3,3
113,Paco Alcácer,Centre-Forward,26,Spain,Borussia Dortmund,"50,00 mil. € ",9,7,0,1,0,0,0,1,3
114,Stefan de Vrij,Centre-Back,27,Netherlands,Inter Milan,"50,00 mil. € ",10,0,0,2,1,0,0,1,0
115,Kyle Walker,Right-Back,29,England,Manchester City,"50,00 mil. € ",11,0,0,1,2,0,0,0,4
116,James Rodríguez,Attacking Midfield,28,Colombia,Real Madrid,"50,00 mil. € ",9,1,0,1,1,0,0,4,3
117,Antonio Rüdiger,Centre-Back,26,Germany,Chelsea FC,"50,00 mil. € ",3,0,0,0,0,0,0,0,1
118,Sergi Roberto,Central Midfield,27,Spain,FC Barcelona,"50,00 mil. € ",10,0,0,2,4,0,0,1,3
119,Jordi Alba,Left-Back,30,Spain,FC Barcelona,"50,00 mil. € ",7,1,0,0,2,0,0,0,1
120,Sergio Busquets,Defensive Midfield,31,Spain,FC Barcelona,"50,00 mil. € ",10,0,0,2,3,0,0,1,5
121,Ilkay Gündogan,Central Midfield,29,Germany,Manchester City,"50,00 mil. € ",14,2,0,2,2,0,0,3,2
122,Georginio Wijnaldum,Central Midfield,28,Netherlands,Liverpool FC,"50,00 mil. € ",15,1,0,0,0,0,0,3,6
123,Luis Suárez,Centre-Forward,32,Uruguay,FC Barcelona,"50,00 mil. € ",10,7,0,1,2,0,0,1,2
124,Marco Reus,Attacking Midfield,30,Germany,Borussia Dortmund,"50,00 mil. € ",13,6,0,1,0,0,0,0,2
125,David Neres,Right Winger,22,Brazil,Ajax Amsterdam,"45,00 mil. € ",20,4,0,2,0,0,0,9,8
126,Mattéo Guendouzi,Central Midfield,20,France,Arsenal FC,"45,00 mil. € ",14,0,0,2,4,0,0,2,3
127,Houssem Aouar,Central Midfield,21,France,Olympique Lyon,"45,00 mil. € ",14,3,0,5,1,0,0,0,6
128,Ibrahima Konaté,Centre-Back,20,France,RB Leipzig,"45,00 mil. € ",9,0,0,0,3,0,0,0,1
129,Dani Ceballos,Central Midfield,23,Spain,Arsenal FC,"45,00 mil. € ",14,1,0,2,0,0,0,7,5
130,James Maddison,Attacking Midfield,22,England,Leicester City,"45,00 mil. € ",10,4,0,2,1,0,0,0,3
131,Youri Tielemans,Central Midfield,22,Belgium,Leicester City,"45,00 mil. € ",12,4,0,3,0,0,0,0,2
132,Federico Bernardeschi,Right Winger,25,Italy,Juventus FC,"45,00 mil. € ",9,1,0,0,2,0,0,5,2
133,Florian Thauvin,Right Winger,26,France,Olympique Marseille,"45,00 mil. € ",1,0,0,0,0,0,0,1,0
134,Sébastien Haller,Centre-Forward,25,France,West Ham United,"45,00 mil. € ",10,4,0,1,1,0,0,1,0
135,Memphis Depay,Left Winger,25,Netherlands,Olympique Lyon,"45,00 mil. € ",12,8,0,1,0,0,0,1,3
136,Felipe Anderson,Left Winger,26,Brazil,West Ham United,"45,00 mil. € ",11,0,0,4,1,0,0,2,7
137,Samuel Umtiti,Centre-Back,25,France,FC Barcelona,"45,00 mil. € ",1,0,0,0,0,0,0,0,0
138,Konstantinos Manolas,Centre-Back,28,Greece,SSC Napoli,"45,00 mil. € ",8,2,0,0,1,0,0,0,1
139,Alex Sandro,Left-Back,28,Brazil,Juventus FC,"45,00 mil. € ",14,0,0,2,4,0,0,0,1
140,Duván Zapata,Centre-Forward,28,Colombia,Atalanta BC,"45,00 mil. € ",11,7,0,4,0,0,0,2,4
141,Aaron Wan-Bissaka,Right-Back,21,England,Manchester United,"40,00 mil. € ",10,0,0,0,3,0,0,0,1
142,Rodrygo,Left Winger,18,Brazil,Real Madrid,"40,00 mil. € ",5,2,0,0,0,0,0,2,1
143,Lautaro Martínez,Centre-Forward,22,Argentina,Inter Milan,"40,00 mil. € ",16,9,0,3,3,0,0,2,11
144,Maxi Gómez,Centre-Forward,23,Uruguay,Valencia CF,"40,00 mil. € ",16,4,0,1,3,0,0,6,6
145,Nicolò Zaniolo,Attacking Midfield,20,Italy,AS Roma,"40,00 mil. € ",14,3,0,1,5,0,0,3,6
146,Leon Bailey,Left Winger,22,Jamaica,Bayer 04 Leverkusen,"40,00 mil. € ",8,3,0,1,0,0,0,2,4
147,Moise Kean,Centre-Forward,19,Italy,Everton FC,"40,00 mil. € ",13,1,0,1,1,0,1,8,4
148,Dayot Upamecano,Centre-Back,21,France,RB Leipzig,"40,00 mil. € ",8,0,0,0,2,0,0,0,1
149,Krzysztof Piatek,Centre-Forward,24,Poland,AC Milan,"40,00 mil. € ",9,3,0,0,1,0,0,3,2
150,Malcom,Right Winger,22,Brazil,Zenit St. Petersburg,"40,00 mil. € ",2,0,0,0,0,0,0,2,0
151,Éverton,Left Winger,23,Brazil,Grêmio Foot-Ball Porto Alegrense,"40,00 mil. € ",2,0,0,0,0,0,0,1,1
152,Hirving Lozano,Left Winger,24,Mexico,SSC Napoli,"40,00 mil. € ",17,2,0,3,4,0,0,5,10
153,Ferland Mendy,Left-Back,24,France,Real Madrid,"40,00 mil. € ",3,0,0,0,1,0,0,0,0
154,Lorenzo Pellegrini,Central Midfield,23,Italy,AS Roma,"40,00 mil. € ",7,0,0,4,3,0,0,1,2
155,Manuel Akanji,Centre-Back,24,Switzerland,Borussia Dortmund,"40,00 mil. € ",14,0,1,1,0,0,0,1,1
156,Harry Winks,Central Midfield,23,England,Tottenham Hotspur,"40,00 mil. € ",12,0,0,0,4,0,0,1,7
157,Nélson Semedo,Right-Back,25,Portugal,FC Barcelona,"40,00 mil. € ",12,0,0,2,2,0,0,2,1
158,Gonçalo Guedes,Left Winger,22,Portugal,Valencia CF,"40,00 mil. € ",7,0,0,0,0,0,0,1,1
159,Hakim Ziyech,Right Winger,26,Morocco,Ajax Amsterdam,"40,00 mil. € ",20,6,0,9,0,0,0,2,10
160,Thomas Lemar,Left Winger,23,France,Atlético Madrid,"40,00 mil. € ",11,0,0,0,1,0,0,5,6
161,Jonathan Tah,Centre-Back,23,Germany,Bayer 04 Leverkusen,"40,00 mil. € ",11,0,0,0,2,0,0,1,0
162,Arkadiusz Milik,Centre-Forward,25,Poland,SSC Napoli,"40,00 mil. € ",5,3,0,0,1,0,0,1,3
163,Héctor Bellerín,Right-Back,24,Spain,Arsenal FC,"40,00 mil. € ",5,0,0,2,1,0,0,1,1
164,Corentin Tolisso,Central Midfield,25,France,Bayern Munich,"40,00 mil. € ",11,1,0,2,0,0,0,3,2
165,Ante Rebic,Second Striker,26,Croatia,AC Milan,"40,00 mil. € ",10,3,0,1,3,0,1,5,1
166,Piotr Zielinski,Central Midfield,25,Poland,SSC Napoli,"40,00 mil. € ",11,0,0,1,2,0,0,2,0
167,Wissam Ben Yedder,Centre-Forward,29,France,AS Monaco,"40,00 mil. € ",9,9,0,1,0,0,0,1,6
168,Jesse Lingard,Right Winger,26,England,Manchester United,"40,00 mil. € ",11,0,0,1,2,0,0,5,5
169,Jordan Pickford,Goalkeeper,25,England,Everton FC,"40,00 mil. € ",12,0,0,0,1,0,0,0,0
170,Granit Xhaka,Defensive Midfield,27,Switzerland,Arsenal FC,"40,00 mil. € ",10,0,0,1,4,0,0,0,3
171,Ciro Immobile,Centre-Forward,29,Italy,SS Lazio,"40,00 mil. € ",11,11,0,4,2,0,0,2,3
172,Lucas Moura,Right Winger,27,Brazil,Tottenham Hotspur,"40,00 mil. € ",11,2,0,1,0,0,0,6,2
173,Pablo Sarabia,Right Winger,27,Spain,Paris Saint-Germain,"40,00 mil. € ",13,1,0,5,2,0,0,2,7
174,Aaron Ramsey,Central Midfield,28,Wales,Juventus FC,"40,00 mil. € ",5,1,0,0,0,0,0,2,3
175,Edinson Cavani,Centre-Forward,32,Uruguay,Paris Saint-Germain,"40,00 mil. € ",5,2,0,0,1,0,0,1,1
176,Ángel Di María,Right Winger,31,Argentina,Paris Saint-Germain,"40,00 mil. € ",15,7,0,8,4,0,0,4,3
177,Toby Alderweireld,Centre-Back,30,Belgium,Tottenham Hotspur,"40,00 mil. € ",12,0,0,1,0,0,0,0,0
178,Karim Benzema,Centre-Forward,31,France,Real Madrid,"40,00 mil. € ",11,6,0,2,0,0,0,0,4
179,Filip Kostic,Left Midfield,26,Serbia,Eintracht Frankfurt,"38,00 mil. € ",17,4,0,5,1,0,0,0,2
180,Thorgan Hazard,Left Winger,26,Belgium,Borussia Dortmund,"38,00 mil. € ",12,0,0,5,2,0,0,3,7
181,Douglas Costa,Right Winger,29,Brazil,Juventus FC,"38,00 mil. € ",3,0,0,2,1,0,0,0,2
182,Andrej Kramaric,Centre-Forward,28,Croatia,TSG 1899 Hoffenheim,"38,00 mil. € ",2,2,0,0,0,0,0,0,0
183,Nicolò Barella,Central Midfield,22,Italy,Inter Milan,"36,00 mil. € ",12,1,0,3,5,0,0,4,2
184,Lucas Paquetá,Attacking Midfield,22,Brazil,AC Milan,"35,00 mil. € ",10,0,0,1,3,0,0,6,4
185,Ryan Sessegnon,Left Midfield,19,England,Tottenham Hotspur,"35,00 mil. € ",0,0,0,0,0,0,0,0,0
186,Callum Hudson-Odoi,Left Winger,18,England,Chelsea FC,"35,00 mil. € ",11,4,0,6,1,0,0,3,7
187,Rodrigo Bentancur,Central Midfield,22,Uruguay,Juventus FC,"35,00 mil. € ",13,0,0,1,3,0,0,7,4
188,Benjamin Pavard,Centre-Back,23,France,Bayern Munich,"35,00 mil. € ",14,2,0,2,1,0,0,1,0
189,Mason Mount,Attacking Midfield,20,England,Chelsea FC,"35,00 mil. € ",14,4,0,2,0,0,0,1,5
190,Cengiz Ünder,Right Winger,22,Turkey,AS Roma,"35,00 mil. € ",2,1,0,0,0,0,0,0,1
191,Diogo Jota,Left Winger,22,Portugal,Wolverhampton Wanderers,"35,00 mil. € ",16,4,0,5,1,1,0,5,7
192,Joelinton,Centre-Forward,23,Brazil,Newcastle United,"35,00 mil. € ",10,1,0,0,2,0,0,0,6
193,Ben Chilwell,Left-Back,22,England,Leicester City,"35,00 mil. € ",8,1,0,3,1,0,0,0,0
194,Steven Bergwijn,Left Winger,22,Netherlands,PSV Eindhoven,"35,00 mil. € ",19,3,0,9,4,0,0,0,3
195,Wilfred Ndidi,Defensive Midfield,22,Nigeria,Leicester City,"35,00 mil. € ",11,2,0,0,2,0,0,0,1
196,Issa Diop,Centre-Back,22,France,West Ham United,"35,00 mil. € ",12,0,0,0,3,0,0,0,0
197,Ángel Correa,Right Winger,24,Argentina,Atlético Madrid,"35,00 mil. € ",10,0,0,2,2,0,0,6,4
198,Joe Gomez,Centre-Back,22,England,Liverpool FC,"35,00 mil. € ",8,0,0,0,1,0,0,3,0
199,Alex Telles,Left-Back,26,Brazil,FC Porto,"35,00 mil. € ",13,2,0,3,2,0,1,1,0
200,André Onana,Goalkeeper,23,Cameroon,Ajax Amsterdam,"35,00 mil. € ",19,0,0,0,3,0,0,0,0
201,Abdou Diallo,Centre-Back,23,France,Paris Saint-Germain,"35,00 mil. € ",12,0,0,1,1,0,0,3,1
202,Thilo Kehrer,Centre-Back,23,Germany,Paris Saint-Germain,"35,00 mil. € ",2,0,0,0,0,0,0,0,1
203,Raúl Jiménez,Centre-Forward,28,Mexico,Wolverhampton Wanderers,"35,00 mil. € ",20,10,0,3,3,0,0,2,9
204,Andreas Christensen,Centre-Back,23,Denmark,Chelsea FC,"35,00 mil. € ",8,0,0,0,2,0,0,0,2
205,Victor Lindelöf,Centre-Back,25,Sweden,Manchester United,"35,00 mil. € ",10,0,0,0,1,0,0,0,0
206,Adrien Rabiot,Central Midfield,24,France,Juventus FC,"35,00 mil. € ",6,0,0,0,1,0,0,3,2
207,Tiemoué Bakayoko,Defensive Midfield,25,France,AS Monaco,"35,00 mil. € ",7,0,0,1,1,0,0,0,0
208,Nathan Aké,Centre-Back,24,Netherlands,AFC Bournemouth,"35,00 mil. € ",10,1,0,1,1,0,0,0,0
209,Andrea Belotti,Centre-Forward,25,Italy,Torino FC,"35,00 mil. € ",15,11,0,2,2,0,0,0,3
210,Yussuf Poulsen,Centre-Forward,25,Denmark,RB Leipzig,"35,00 mil. € ",12,1,0,6,3,0,0,3,2
211,Benjamin Mendy,Left-Back,25,France,Manchester City,"35,00 mil. € ",7,0,0,1,1,0,0,2,3
212,Alex Oxlade-Chamberlain,Central Midfield,26,England,Liverpool FC,"35,00 mil. € ",10,2,0,0,0,0,0,5,5
213,Matthias Ginter,Centre-Back,25,Germany,Borussia Mönchengladbach,"35,00 mil. € ",10,0,0,1,0,0,0,0,1
214,Stefan Savic,Centre-Back,28,Montenegro,Atlético Madrid,"35,00 mil. € ",7,1,0,0,1,0,0,0,0
215,Kieran Trippier,Right-Back,29,England,Atlético Madrid,"35,00 mil. € ",10,0,0,2,1,0,0,0,0
216,Gylfi Sigurdsson,Attacking Midfield,30,Iceland,Everton FC,"35,00 mil. € ",12,2,0,1,1,0,0,3,3
217,Julian Draxler,Central Midfield,26,Germany,Paris Saint-Germain,"35,00 mil. € ",2,0,0,0,2,0,0,0,1
218,Joel Matip,Centre-Back,28,Cameroon,Liverpool FC,"35,00 mil. € ",10,2,0,0,0,0,0,1,0
219,Kevin Volland,Centre-Forward,27,Germany,Bayer 04 Leverkusen,"35,00 mil. € ",13,5,0,3,0,0,0,0,2
220,Jordan Henderson,Central Midfield,29,England,Liverpool FC,"35,00 mil. € ",13,1,0,0,1,0,0,2,7
221,Thomas Müller,Second Striker,30,Germany,Bayern Munich,"35,00 mil. € ",13,1,0,6,1,0,0,6,5
222,César Azpilicueta,Right-Back,30,Spain,Chelsea FC,"35,00 mil. € ",14,0,0,2,1,0,0,0,0
223,Paulinho,Central Midfield,31,Brazil,Guangzhou Evergrande Taobao,"35,00 mil. € ",0,0,0,0,0,0,0,0,0
224,Willian,Right Winger,31,Brazil,Chelsea FC,"35,00 mil. € ",12,3,0,2,1,0,0,3,3
225,Mateo Kovacic,Central Midfield,25,Croatia,Chelsea FC,"35,00 mil. € ",14,0,0,1,1,0,0,5,4
226,Wojciech Szczesny,Goalkeeper,29,Poland,Juventus FC,"35,00 mil. € ",9,0,0,0,0,0,0,0,0
227,Alexis Sánchez,Left Winger,30,Chile,Inter Milan,"35,00 mil. € ",5,1,0,1,1,1,0,2,1
228,Mats Hummels,Centre-Back,30,Germany,Borussia Dortmund,"35,00 mil. € ",12,0,0,0,2,0,0,0,1
229,Gonzalo Higuaín,Centre-Forward,31,Argentina,Juventus FC,"35,00 mil. € ",11,3,0,1,0,0,0,3,5
230,Ivan Rakitic,Central Midfield,31,Croatia,FC Barcelona,"35,00 mil. € ",8,0,0,0,1,0,0,7,1
231,Gerard Piqué,Centre-Back,32,Spain,FC Barcelona,"35,00 mil. € ",11,1,0,0,7,0,0,0,0
232,Emre Can,Defensive Midfield,25,Germany,Juventus FC,"33,00 mil. € ",5,0,0,0,2,0,0,3,1
233,Suso,Right Winger,25,Spain,AC Milan,"33,00 mil. € ",9,0,0,1,0,0,0,0,1
234,Tammy Abraham,Centre-Forward,22,England,Chelsea FC,"32,00 mil. € ",14,9,1,2,2,0,0,2,9
235,Rúben Dias,Centre-Back,22,Portugal,SL Benfica,"32,00 mil. € ",13,0,1,0,1,0,0,0,0
236,Alex Iwobi,Left Winger,23,Nigeria,Everton FC,"32,00 mil. € ",12,2,0,2,0,0,0,3,7
237,Alejandro Grimaldo,Left-Back,24,Spain,SL Benfica,"32,00 mil. € ",13,1,0,2,2,0,0,0,0
238,Iñigo Martínez,Centre-Back,28,Spain,Athletic Bilbao,"32,00 mil. € ",8,0,1,0,2,0,0,0,0
239,Kerem Demirbay,Central Midfield,26,Germany,Bayer 04 Leverkusen,"32,00 mil. € ",10,0,0,1,0,0,0,2,5
240,Marcos Alonso,Left-Back,28,Spain,Chelsea FC,"32,00 mil. € ",11,1,0,2,3,0,0,2,2
241,Marko Arnautovic,Centre-Forward,30,Austria,Shanghai SIPG,"32,00 mil. € ",0,0,0,0,0,0,0,0,0
242,Axel Witsel,Defensive Midfield,30,Belgium,Borussia Dortmund,"32,00 mil. € ",13,2,0,3,0,0,0,0,1
243,Nikola Milenkovic,Centre-Back,22,Serbia,ACF Fiorentina,"30,00 mil. € ",10,2,0,0,2,0,0,0,0
244,Ismaïla Sarr,Right Winger,21,Senegal,Watford FC,"30,00 mil. € ",8,1,0,0,0,0,0,5,3
245,Phil Foden,Central Midfield,19,England,Manchester City,"30,00 mil. € ",11,3,0,3,0,1,0,5,1
246,Samu Chukwueze,Right Winger,20,Nigeria,Villarreal CF,"30,00 mil. € ",11,2,0,2,0,0,0,4,3
247,Achraf Hakimi,Right-Back,20,Morocco,Borussia Dortmund,"30,00 mil. € ",15,4,0,1,2,0,0,4,2
248,Sandro Tonali,Defensive Midfield,19,Italy,Brescia Calcio,"30,00 mil. € ",10,1,0,2,3,0,0,0,2
249,Igor Zubeldia,Defensive Midfield,22,Spain,Real Sociedad,"30,00 mil. € ",9,0,0,0,3,0,0,1,0
250,Mouctar Diakhaby,Centre-Back,22,France,Valencia CF,"30,00 mil. € ",7,0,0,0,1,1,0,3,0
251,Marc Roca,Defensive Midfield,22,Spain,RCD Espanyol Barcelona,"30,00 mil. € ",18,0,0,2,1,0,0,3,5
252,Franck Kessié,Central Midfield,22,Cote d'Ivoire,AC Milan,"30,00 mil. € ",12,1,0,1,1,0,0,1,2
253,Dani Olmo,Attacking Midfield,21,Spain,GNK Dinamo Zagreb,"30,00 mil. € ",17,9,0,5,0,0,0,1,7
254,Carles Aleñà,Central Midfield,21,Spain,FC Barcelona,"30,00 mil. € ",2,0,0,0,0,0,0,0,2
255,Moussa Marega,Second Striker,28,Mali,FC Porto,"30,00 mil. € ",12,4,0,1,1,0,0,1,2
256,Marcos Llorente,Defensive Midfield,24,Spain,Atlético Madrid,"30,00 mil. € ",7,0,0,0,1,0,0,6,1
257,Presnel Kimpembe,Centre-Back,24,France,Paris Saint-Germain,"30,00 mil. € ",9,0,0,0,1,0,0,2,0
258,David Brooks,Attacking Midfield,22,Wales,AFC Bournemouth,"30,00 mil. € ",0,0,0,0,0,0,0,0,0
259,Santi Mina,Centre-Forward,23,Spain,Celta de Vigo,"30,00 mil. € ",9,1,0,2,1,0,0,2,1
260,Alex Meret,Goalkeeper,22,Italy,SSC Napoli,"30,00 mil. € ",9,0,0,0,0,0,0,0,0
261,Moussa Dembélé,Centre-Forward,23,France,Olympique Lyon,"30,00 mil. € ",13,7,0,0,1,0,0,2,2
262,Stefano Sensi,Central Midfield,24,Italy,Inter Milan,"30,00 mil. € ",9,3,0,4,0,0,0,1,5
263,Ricardo Pereira,Right-Back,26,Portugal,Leicester City,"30,00 mil. € ",11,2,0,0,0,0,0,0,0
264,Lukas Klostermann,Right-Back,23,Germany,RB Leipzig,"30,00 mil. € ",13,2,0,1,0,0,0,1,1
265,Oleksandr Zinchenko,Left-Back,22,Ukraine,Manchester City,"30,00 mil. € ",10,1,0,0,0,0,0,1,0
266,Ruben Loftus-Cheek,Central Midfield,23,England,Chelsea FC,"30,00 mil. € ",0,0,0,0,0,0,0,0,0
267,Nico Elvedi,Centre-Back,23,Switzerland,Borussia Mönchengladbach,"30,00 mil. € ",13,1,0,0,2,0,0,2,1
268,Maximilian Eggestein,Central Midfield,22,Germany,SV Werder Bremen,"30,00 mil. € ",9,0,0,1,0,0,0,0,1
269,Luke Shaw,Left-Back,24,England,Manchester United,"30,00 mil. € ",3,0,0,0,0,0,0,0,1
270,Eric Dier,Defensive Midfield,25,England,Tottenham Hotspur,"30,00 mil. € ",4,0,0,0,1,0,0,2,0
271,Alassane Plea,Centre-Forward,26,France,Borussia Mönchengladbach,"30,00 mil. € ",11,4,0,4,1,0,0,0,5
272,Matteo Politano,Right Winger,26,Italy,Inter Milan,"30,00 mil. € ",10,0,0,0,1,0,0,8,2
273,Ryan Fraser,Left Winger,25,Scotland,AFC Bournemouth,"30,00 mil. € ",11,1,0,1,1,0,0,4,0
274,Danilo Pereira,Defensive Midfield,28,Portugal,FC Porto,"30,00 mil. € ",12,0,0,1,2,0,0,0,1
275,Ross Barkley,Central Midfield,25,England,Chelsea FC,"30,00 mil. € ",9,1,0,0,0,0,0,3,4
276,Geoffrey Kondogbia,Central Midfield,26,Central African Republic,Valencia CF,"30,00 mil. € ",8,0,0,0,1,0,0,0,4
277,Idrissa Gueye,Defensive Midfield,30,Senegal,Paris Saint-Germain,"30,00 mil. € ",9,1,0,1,0,0,0,0,1
278,Lucas Digne,Left-Back,26,France,Everton FC,"30,00 mil. € ",12,1,1,3,1,0,0,0,1
279,Callum Wilson,Centre-Forward,27,England,AFC Bournemouth,"30,00 mil. € ",12,5,0,1,2,0,0,1,5
280,Willian José,Centre-Forward,27,Brazil,Real Sociedad,"30,00 mil. € ",10,4,0,0,0,0,0,1,7
281,Michael Keane,Centre-Back,26,England,Everton FC,"30,00 mil. € ",11,0,0,0,0,0,0,0,0
282,Marcel Sabitzer,Right Winger,25,Austria,RB Leipzig,"30,00 mil. € ",13,5,0,5,1,0,0,0,2
283,Mário Fernandes,Right-Back,29,Russia,CSKA Moscow,"30,00 mil. € ",17,2,0,2,2,0,0,0,0
284,Thomas Meunier,Right-Back,28,Belgium,Paris Saint-Germain,"30,00 mil. € ",10,1,0,1,3,0,0,2,2
285,Oscar,Attacking Midfield,28,Brazil,Shanghai SIPG,"30,00 mil. € ",0,0,0,0,0,0,0,0,0
286,Bernd Leno,Goalkeeper,27,Germany,Arsenal FC,"30,00 mil. € ",10,0,0,0,2,0,0,0,0
287,Dani Parejo,Central Midfield,30,Spain,Valencia CF,"30,00 mil. € ",12,5,0,2,1,0,0,0,0
288,Dan-Axel Zagadou,Centre-Back,20,France,Borussia Dortmund,"28,00 mil. € ",7,2,0,0,1,0,0,4,0
289,Denis Zakaria,Defensive Midfield,22,Switzerland,Borussia Mönchengladbach,"28,00 mil. € ",13,2,0,0,5,0,0,0,1
290,Borja Iglesias,Centre-Forward,26,Spain,Real Betis Balompié,"28,00 mil. € ",12,4,0,2,0,0,0,2,4
291,Talisca,Right Winger,25,Brazil,Guangzhou Evergrande Taobao,"28,00 mil. € ",0,0,0,0,0,0,0,0,0
292,Gelson Martins,Right Winger,24,Portugal,AS Monaco,"28,00 mil. € ",10,1,0,1,3,0,0,0,3
293,Rafa Silva,Left Midfield,26,Portugal,SL Benfica,"28,00 mil. € ",12,4,0,4,0,0,0,2,3
294,Joaquín Correa,Second Striker,25,Argentina,SS Lazio,"28,00 mil. € ",12,3,0,1,0,0,0,1,4
295,André Gomes,Central Midfield,26,Portugal,Everton FC,"28,00 mil. € ",7,0,0,0,3,0,0,1,1
296,Jean-Philippe Gbamin,Defensive Midfield,24,Cote d'Ivoire,Everton FC,"28,00 mil. € ",2,0,0,0,0,0,0,1,0
297,Morgan Sanson,Central Midfield,25,France,Olympique Marseille,"28,00 mil. € ",10,0,0,1,3,0,0,1,7
298,Yannick Carrasco,Left Winger,26,Belgium,Dalian Yifang,"28,00 mil. € ",0,0,0,0,0,0,0,0,0
299,Nicolás Tagliafico,Left-Back,27,Argentina,Ajax Amsterdam,"28,00 mil. € ",20,5,0,3,7,0,0,0,1
300,Luis Alberto,Attacking Midfield,27,Spain,SS Lazio,"28,00 mil. € ",10,1,0,6,2,0,0,1,1
301,Leonardo Bonucci,Centre-Back,32,Italy,Juventus FC,"28,00 mil. € ",12,0,0,0,1,0,0,0,0
302,Jonathan Ikoné,Attacking Midfield,21,France,LOSC Lille,"27,00 mil. € ",14,2,0,0,2,0,0,2,10
303,Thomas Delaney,Central Midfield,28,Denmark,Borussia Dortmund,"27,00 mil. € ",9,0,1,0,3,0,0,0,3
304,Javi Martínez,Defensive Midfield,31,Spain,Bayern Munich,"27,00 mil. € ",7,0,0,0,2,0,0,5,1
305,William Saliba,Centre-Back,18,France,AS Saint-Étienne,"25,00 mil. € ",6,0,0,0,0,0,0,1,0
306,Ansu Fati,Left Winger,16,Spain,FC Barcelona,"25,00 mil. € ",7,2,0,1,0,0,0,5,2
307,Youcef Atal,Right-Back,23,Algeria,OGC Nice,"25,00 mil. € ",11,1,0,1,4,0,0,2,2
308,Jules Koundé,Centre-Back,20,France,Sevilla FC,"25,00 mil. € ",8,0,0,0,1,0,0,2,0
309,Júnior Firpo,Left-Back,23,Spain,FC Barcelona,"25,00 mil. € ",4,1,0,0,1,0,0,1,1
310,Pablo Fornals,Attacking Midfield,23,Spain,West Ham United,"25,00 mil. € ",12,1,0,0,0,0,0,6,3
311,André Zambo Anguissa,Defensive Midfield,23,Cameroon,Villarreal CF,"25,00 mil. € ",10,0,0,0,2,0,0,1,3
312,Jeff Reine-Adélaïde,Central Midfield,21,France,Olympique Lyon,"25,00 mil. € ",14,2,0,1,3,0,0,3,11
313,Daniel James,Left Winger,21,Wales,Manchester United,"25,00 mil. € ",14,4,0,2,3,0,0,3,5
314,Kieran Tierney,Left-Back,22,Scotland,Arsenal FC,"25,00 mil. € ",5,0,0,2,1,0,0,0,3
315,Yerry Mina,Centre-Back,25,Colombia,Everton FC,"25,00 mil. € ",11,0,1,0,1,0,0,0,1
316,Eric Bailly,Centre-Back,25,Cote d'Ivoire,Manchester United,"25,00 mil. € ",0,0,0,0,0,0,0,0,0
317,Mario Hermoso,Centre-Back,24,Spain,Atlético Madrid,"25,00 mil. € ",7,0,0,0,1,0,0,3,2
318,Álvaro Odriozola,Right-Back,23,Spain,Real Madrid,"25,00 mil. € ",4,0,0,1,1,1,0,0,0
319,Allan Saint-Maximin,Right Winger,22,France,Newcastle United,"25,00 mil. € ",6,0,0,0,0,0,0,2,4
320,Patrick Cutrone,Centre-Forward,21,Italy,Wolverhampton Wanderers,"25,00 mil. € ",18,1,0,4,0,0,0,10,5
321,Aleksandr Golovin,Attacking Midfield,23,Russia,AS Monaco,"25,00 mil. € ",9,2,0,2,1,1,0,0,2
322,Jefferson Lerma,Defensive Midfield,25,Colombia,AFC Bournemouth,"25,00 mil. € ",12,0,0,0,6,0,0,2,0
323,Joachim Andersen,Centre-Back,23,Denmark,Olympique Lyon,"25,00 mil. € ",11,0,0,0,2,0,0,1,0
324,Rodrigo de Paul,Central Midfield,25,Argentina,Udinese Calcio,"25,00 mil. € ",11,0,0,2,3,0,1,1,5
325,Yeray Álvarez,Centre-Back,24,Spain,Athletic Bilbao,"25,00 mil. € ",8,0,0,0,2,0,0,0,0
326,Diego Llorente,Centre-Back,26,Spain,Real Sociedad,"25,00 mil. € ",7,0,0,0,0,1,0,0,1
327,Keita Baldé,Left Winger,24,Senegal,AS Monaco,"25,00 mil. € ",8,2,0,1,1,0,0,7,1
328,Wout Weghorst,Centre-Forward,27,Netherlands,VfL Wolfsburg,"25,00 mil. € ",13,7,0,3,3,0,0,0,2
329,Lucas Vázquez,Right Winger,28,Spain,Real Madrid,"25,00 mil. € ",8,1,0,0,1,0,0,4,2
330,Djené,Centre-Back,27,Togo,Getafe CF,"25,00 mil. € ",13,0,0,0,3,0,0,0,0
331,Jack Grealish,Attacking Midfield,24,England,Aston Villa,"25,00 mil. € ",12,4,0,4,3,0,0,2,1
332,Bryan Cristante,Central Midfield,24,Italy,AS Roma,"25,00 mil. € ",10,1,0,1,2,0,0,1,3
333,Julian Weigl,Defensive Midfield,24,Germany,Borussia Dortmund,"25,00 mil. € ",10,0,0,0,3,0,0,1,2
334,Ben Davies,Left-Back,26,Wales,Tottenham Hotspur,"25,00 mil. € ",7,0,0,1,0,0,0,2,1
335,Stanislav Lobotka,Defensive Midfield,24,Slovakia,Celta de Vigo,"25,00 mil. € ",10,0,0,0,1,0,0,0,5
336,Fred,Central Midfield,26,Brazil,Manchester United,"25,00 mil. € ",9,0,0,1,2,0,0,3,0
337,Shoya Nakajima,Left Midfield,25,Japan,FC Porto,"25,00 mil. € ",13,1,0,3,1,0,0,5,5
338,Emerson,Left-Back,25,Italy,Chelsea FC,"25,00 mil. € ",6,0,0,0,0,0,0,0,1
339,Michy Batshuayi,Centre-Forward,26,Belgium,Chelsea FC,"25,00 mil. € ",8,6,0,3,0,0,0,6,0
340,Rony Lopes,Right Winger,23,Portugal,Sevilla FC,"25,00 mil. € ",5,0,0,0,0,0,0,2,3
341,Raphaël Guerreiro,Left Midfield,25,Portugal,Borussia Dortmund,"25,00 mil. € ",10,1,0,1,0,0,0,3,1
342,Leander Dendoncker,Defensive Midfield,24,Belgium,Wolverhampton Wanderers,"25,00 mil. € ",19,1,1,0,1,0,0,4,3
343,Leandro Paredes,Defensive Midfield,25,Argentina,Paris Saint-Germain,"25,00 mil. € ",13,2,0,1,4,0,0,6,2
344,Kurt Zouma,Centre-Back,25,France,Chelsea FC,"25,00 mil. € ",14,1,1,1,2,0,0,2,1
345,Thiago Mendes,Defensive Midfield,27,Brazil,Olympique Lyon,"25,00 mil. € ",13,0,0,3,1,1,0,1,5
346,Alessandro Florenzi,Right-Back,28,Italy,AS Roma,"25,00 mil. € ",8,0,0,0,3,0,0,1,6
347,Gerard Deulofeu,Right Winger,25,Spain,Watford FC,"25,00 mil. € ",11,0,0,1,2,0,0,4,5
348,Abdoulaye Doucouré,Central Midfield,26,France,Watford FC,"25,00 mil. € ",11,1,1,0,2,0,0,0,2
349,Emil Forsberg,Left Winger,28,Sweden,RB Leipzig,"25,00 mil. € ",11,2,0,2,0,0,0,4,4
350,William Carvalho,Defensive Midfield,27,Portugal,Real Betis Balompié,"25,00 mil. € ",6,0,0,0,3,0,1,0,0
351,Ander Herrera,Central Midfield,30,Spain,Paris Saint-Germain,"25,00 mil. € ",10,0,0,1,1,0,0,3,4
352,Stephan El Shaarawy,Left Winger,27,Italy,Shanghai Greenland Shenhua,"25,00 mil. € ",0,0,0,0,0,0,0,0,0
353,Xherdan Shaqiri,Right Winger,28,Switzerland,Liverpool FC,"25,00 mil. € ",4,0,0,0,0,0,0,4,0
354,Nico Schulz,Left-Back,26,Germany,Borussia Dortmund,"25,00 mil. € ",6,0,0,0,0,0,0,0,1
355,Nemanja Matic,Defensive Midfield,31,Serbia,Manchester United,"25,00 mil. € ",5,0,0,0,0,0,0,1,2
356,Iago Aspas,Centre-Forward,32,Spain,Celta de Vigo,"25,00 mil. € ",10,1,0,0,3,0,0,0,2
357,Sergio Canales,Attacking Midfield,28,Spain,Real Betis Balompié,"25,00 mil. € ",9,0,0,1,2,0,0,0,3
358,Pizzi,Right Midfield,30,Portugal,SL Benfica,"25,00 mil. € ",13,11,0,3,1,0,0,1,9
359,Anthony Lopes,Goalkeeper,29,Portugal,Olympique Lyon,"25,00 mil. € ",14,0,0,0,0,0,0,0,0
360,Asier Illarramendi,Defensive Midfield,29,Spain,Real Sociedad,"25,00 mil. € ",3,0,0,0,0,0,0,0,1
361,Dries Mertens,Centre-Forward,32,Belgium,SSC Napoli,"25,00 mil. € ",11,7,0,2,1,0,0,2,4
362,Henrikh Mkhitaryan,Attacking Midfield,30,Armenia,AS Roma,"25,00 mil. € ",7,1,0,1,2,0,0,3,3
363,Nicolás Otamendi,Centre-Back,31,Argentina,Manchester City,"25,00 mil. € ",13,1,0,0,4,0,0,1,1
364,Aleksandar Mitrovic,Centre-Forward,25,Serbia,Fulham FC,"25,00 mil. € ",15,12,0,0,4,0,0,0,0
365,Danny Rose,Left-Back,29,England,Tottenham Hotspur,"25,00 mil. € ",10,0,0,1,5,0,0,0,2
366,Moussa Sissoko,Central Midfield,30,France,Tottenham Hotspur,"25,00 mil. € ",13,0,0,2,3,0,0,1,1
367,Diego Costa,Centre-Forward,31,Spain,Atlético Madrid,"25,00 mil. € ",11,2,0,2,3,0,0,1,2
368,Marcelo,Left-Back,31,Brazil,Real Madrid,"25,00 mil. € ",6,0,0,1,0,0,0,1,0
369,Dusan Tadic,Left Winger,30,Serbia,Ajax Amsterdam,"25,00 mil. € ",19,9,0,12,2,0,0,0,4
370,Mesut Özil,Attacking Midfield,31,Germany,Arsenal FC,"25,00 mil. € ",2,0,0,0,0,0,0,0,2
371,Sergio Ramos,Centre-Back,33,Spain,Real Madrid,"25,00 mil. € ",11,1,0,0,1,0,0,0,1
372,Hugo Lloris,Goalkeeper,32,France,Tottenham Hotspur,"25,00 mil. € ",9,0,0,0,0,0,0,0,1
373,Arne Maier,Defensive Midfield,20,Germany,Hertha BSC,"24,00 mil. € ",0,0,0,0,0,0,0,0,0
374,Domenico Berardi,Right Winger,25,Italy,US Sassuolo,"24,00 mil. € ",8,6,0,2,1,0,0,0,1
375,Marten de Roon,Central Midfield,28,Netherlands,Atalanta BC,"24,00 mil. € ",11,1,0,3,6,0,0,2,0
376,Dennis Praet,Central Midfield,25,Belgium,Leicester City,"24,00 mil. € ",8,0,0,0,0,0,0,4,3
377,Ivan Perisic,Left Winger,30,Croatia,Bayern Munich,"24,00 mil. € ",8,2,0,2,1,0,0,4,3
378,Daley Blind,Centre-Back,29,Netherlands,Ajax Amsterdam,"24,00 mil. € ",19,1,0,0,3,0,0,0,1
379,Justin Kluivert,Left Winger,20,Netherlands,AS Roma,"23,00 mil. € ",12,2,0,1,3,1,0,0,6
380,Matías Vecino,Central Midfield,28,Uruguay,Inter Milan,"23,00 mil. € ",10,0,0,1,1,0,0,3,4
381,Simone Verdi,Right Winger,27,Italy,Torino FC,"23,00 mil. € ",7,0,0,1,0,0,0,3,4
382,Faouzi Ghoulam,Left-Back,28,Algeria,SSC Napoli,"23,00 mil. € ",5,0,0,0,2,0,0,2,1
383,Jean-Philippe Mateta,Centre-Forward,22,France,1.FSV Mainz 05,"22,00 mil. € ",0,0,0,0,0,0,0,0,0
384,Evan N'Dicka,Centre-Back,20,France,Eintracht Frankfurt,"22,00 mil. € ",6,1,0,0,1,0,0,0,1
385,Rafael Leão,Centre-Forward,20,Portugal,AC Milan,"22,00 mil. € ",9,2,0,1,0,0,0,2,5
386,Nordi Mukiele,Right-Back,21,France,RB Leipzig,"22,00 mil. € ",10,0,0,0,1,0,0,2,2
387,Christian Kouamé,Centre-Forward,21,Cote d'Ivoire,Genoa CFC,"22,00 mil. € ",11,4,0,2,1,0,0,2,2
388,Sander Berge,Defensive Midfield,21,Norway,KRC Genk,"22,00 mil. € ",16,1,0,0,1,0,0,1,1
389,Nahitan Nández,Central Midfield,23,Uruguay,Cagliari Calcio,"22,00 mil. € ",14,1,0,3,2,0,0,6,1
390,Sergio Reguilón,Left-Back,22,Spain,Sevilla FC,"22,00 mil. € ",9,1,0,1,3,0,0,0,1
391,Florian Neuhaus,Central Midfield,22,Germany,Borussia Mönchengladbach,"22,00 mil. € ",12,1,0,0,3,0,0,1,4
392,Gianluca Mancini,Centre-Back,23,Italy,AS Roma,"22,00 mil. € ",10,0,0,1,2,1,0,1,0
393,André Silva,Centre-Forward,23,Portugal,Eintracht Frankfurt,"22,00 mil. € ",7,3,0,0,1,0,0,0,1
394,Florian Grillitsch,Central Midfield,24,Austria,TSG 1899 Hoffenheim,"22,00 mil. € ",8,0,0,1,2,0,0,1,4
395,Davy Klaassen,Central Midfield,26,Netherlands,SV Werder Bremen,"22,00 mil. € ",10,4,0,3,2,0,0,0,1
396,Mike Maignan,Goalkeeper,24,France,LOSC Lille,"22,00 mil. € ",14,0,0,0,0,0,0,0,0
397,Daniele Rugani,Centre-Back,25,Italy,Juventus FC,"22,00 mil. € ",0,0,0,0,0,0,0,0,0
398,Jesús Corona,Right-Back,26,Mexico,FC Porto,"22,00 mil. € ",14,0,0,6,4,0,0,0,7
399,Héctor Herrera,Central Midfield,29,Mexico,Atlético Madrid,"22,00 mil. € ",9,2,0,1,1,0,0,3,2
400,Erik Lamela,Right Winger,27,Argentina,Tottenham Hotspur,"22,00 mil. € ",13,3,0,3,2,0,0,5,5
401,Marc Bartra,Centre-Back,28,Spain,Real Betis Balompié,"22,00 mil. € ",8,0,0,1,1,0,0,1,0
402,Mario Götze,Attacking Midfield,27,Germany,Borussia Dortmund,"22,00 mil. € ",7,1,0,0,0,0,0,4,2
403,Marcel Halstenberg,Left-Back,28,Germany,RB Leipzig,"22,00 mil. € ",10,1,0,2,2,0,0,0,2
404,Kevin Kampl,Central Midfield,29,Slovenia,RB Leipzig,"22,00 mil. € ",4,0,0,0,0,0,0,1,2
405,Jan Vertonghen,Centre-Back,32,Belgium,Tottenham Hotspur,"22,00 mil. € ",9,0,0,0,1,0,0,0,1
406,Blaise Matuidi,Central Midfield,32,France,Juventus FC,"22,00 mil. € ",11,1,0,0,3,0,0,2,1
407,Yacine Brahimi,Left Winger,29,Algeria,Al Rayyan Sports Club,"21,00 mil. € ",4,0,0,1,0,0,0,2,1
408,Eduardo Camavinga,Defensive Midfield,16,Congo,Stade Rennais FC,"20,00 mil. € ",15,0,0,1,2,0,1,1,3
409,João Pedro,Centre-Forward,18,Brazil,Fluminense Football Club,"20,00 mil. € ",0,0,0,0,0,0,0,0,0
410,Kang-in Lee,Attacking Midfield,18,"Korea, South",Valencia CF,"20,00 mil. € ",10,1,0,1,2,0,1,7,2
411,Ademola Lookman,Left Winger,22,England,RB Leipzig,"20,00 mil. € ",4,0,0,0,0,0,0,2,1
412,Amadou Haidara,Central Midfield,21,Mali,RB Leipzig,"20,00 mil. € ",9,0,0,1,3,0,0,4,2
413,Exequiel Palacios,Central Midfield,21,Argentina,Club Atlético River Plate,"20,00 mil. € ",12,1,0,2,1,0,0,4,5
414,Ferran Torres,Right Winger,19,Spain,Valencia CF,"20,00 mil. € ",19,2,0,2,1,0,0,5,9
415,Wesley,Centre-Forward,22,Brazil,Aston Villa,"20,00 mil. € ",10,4,0,1,0,0,0,0,5
416,Federico Valverde,Central Midfield,21,Uruguay,Real Madrid,"20,00 mil. € ",11,0,0,2,0,0,0,4,3
417,Riccardo Orsolini,Right Winger,22,Italy,Bologna FC 1909,"20,00 mil. € ",10,2,0,3,0,0,0,1,2
418,Diogo Dalot,Right-Back,20,Portugal,Manchester United,"20,00 mil. € ",3,0,0,0,1,0,0,0,1
419,Lucas Tousart,Defensive Midfield,22,France,Olympique Lyon,"20,00 mil. € ",13,1,0,1,3,0,0,2,1
420,Gedson Fernandes,Central Midfield,20,Portugal,SL Benfica,"20,00 mil. € ",7,1,0,1,1,0,0,3,0
421,Weston McKennie,Central Midfield,21,United States,FC Schalke 04,"20,00 mil. € ",11,3,0,1,2,0,0,3,3
422,Caglar Söyüncü,Centre-Back,23,Turkey,Leicester City,"20,00 mil. € ",11,0,0,1,2,0,0,0,0
423,Martin Ødegaard,Attacking Midfield,20,Norway,Real Sociedad,"20,00 mil. € ",10,2,0,3,3,0,0,0,0
424,Scott McTominay,Central Midfield,22,Scotland,Manchester United,"20,00 mil. € ",12,2,0,1,1,0,0,1,2
425,Brais Méndez,Right Winger,22,Spain,Celta de Vigo,"20,00 mil. € ",10,0,0,0,1,0,0,4,3
426,Dominic Calvert-Lewin,Centre-Forward,22,England,Everton FC,"20,00 mil. € ",10,5,0,0,1,0,0,3,4
427,Nikola Vlasic,Attacking Midfield,22,Croatia,CSKA Moscow,"20,00 mil. € ",17,5,0,4,1,0,0,0,1
428,Jonathan Bamba,Left Winger,23,France,LOSC Lille,"20,00 mil. € ",13,1,0,3,1,0,0,2,3
429,Demarai Gray,Left Winger,23,England,Leicester City,"20,00 mil. € ",7,1,0,1,1,0,0,5,1
430,Milot Rashica,Left Winger,23,Kosovo,SV Werder Bremen,"20,00 mil. € ",6,4,0,1,1,0,0,0,4
431,Pau López,Goalkeeper,24,Spain,AS Roma,"20,00 mil. € ",11,0,0,0,0,0,0,0,0
432,Miguel Almirón,Attacking Midfield,25,Paraguay,Newcastle United,"20,00 mil. € ",12,0,0,0,4,0,0,0,5
433,Viktor Tsyhankov,Right Winger,21,Ukraine,Dynamo Kyiv,"20,00 mil. € ",18,4,0,5,2,0,0,3,4
434,Aarón Martín,Left-Back,22,Spain,1.FSV Mainz 05,"20,00 mil. € ",8,0,0,0,0,0,0,0,0
435,Lewis Cook,Central Midfield,22,England,AFC Bournemouth,"20,00 mil. € ",5,0,0,0,0,0,0,2,1
436,Ayoze Pérez,Second Striker,26,Spain,Leicester City,"20,00 mil. € ",11,3,0,2,0,0,0,2,8
437,Wendell,Left-Back,26,Brazil,Bayer 04 Leverkusen,"20,00 mil. € ",11,0,0,3,2,0,0,2,1
438,Mariano Díaz,Centre-Forward,26,Dominican Republic,Real Madrid,"20,00 mil. € ",0,0,0,0,0,0,0,0,0
439,Marko Grujic,Central Midfield,23,Serbia,Hertha BSC,"20,00 mil. € ",10,2,0,1,2,0,0,0,1
440,Thomas Strakosha,Goalkeeper,24,Albania,SS Lazio,"20,00 mil. € ",12,0,0,0,0,0,0,0,0
441,Andrea Petagna,Centre-Forward,24,Italy,SPAL,"20,00 mil. € ",10,3,0,1,2,0,0,0,1
442,Jamie Vardy,Centre-Forward,32,England,Leicester City,"20,00 mil. € ",11,9,0,1,1,0,0,0,0
443,Mattia Caldara,Centre-Back,25,Italy,AC Milan,"20,00 mil. € ",1,0,0,0,0,0,0,0,1
444,Luca Waldschmidt,Centre-Forward,23,Germany,SC Freiburg,"20,00 mil. € ",11,5,0,0,0,0,0,3,4
445,Jonny Otto,Left-Back,25,Spain,Wolverhampton Wanderers,"20,00 mil. € ",16,1,0,0,2,0,0,3,2
446,Bernard,Left Winger,27,Brazil,Everton FC,"20,00 mil. € ",9,2,0,0,2,0,0,2,4
447,Jordan Veretout,Central Midfield,26,France,AS Roma,"20,00 mil. € ",10,0,0,1,3,0,0,2,0
448,Niklas Stark,Centre-Back,24,Germany,Hertha BSC,"20,00 mil. € ",8,0,1,0,1,0,0,0,0
449,Felipe,Centre-Back,30,Brazil,Atlético Madrid,"20,00 mil. € ",7,0,0,0,2,0,0,1,0
450,Gabriel Paulista,Centre-Back,28,Brazil,Valencia CF,"20,00 mil. € ",12,0,0,0,1,0,0,1,1
451,Divock Origi,Centre-Forward,24,Belgium,Liverpool FC,"20,00 mil. € ",12,1,0,0,0,0,0,8,4
452,Remo Freuler,Central Midfield,27,Switzerland,Atalanta BC,"20,00 mil. € ",8,0,0,2,0,0,0,0,2
453,Lewis Dunk,Centre-Back,27,England,Brighton & Hove Albion,"20,00 mil. € ",10,0,0,2,4,0,0,0,0
454,Danilo,Right-Back,28,Brazil,Juventus FC,"20,00 mil. € ",6,1,0,0,0,0,0,1,3
455,Pavel Kaderabek,Right-Back,27,Czech Republic,TSG 1899 Hoffenheim,"20,00 mil. € ",10,2,0,1,1,0,0,0,1
456,Manuel Lanzini,Attacking Midfield,26,Argentina,West Ham United,"20,00 mil. € ",10,0,0,2,0,0,0,3,2
457,Nathan Redmond,Left Winger,25,England,Southampton FC,"20,00 mil. € ",10,2,0,1,0,0,0,1,3
458,Jérôme Roussillon,Left-Back,26,France,VfL Wolfsburg,"20,00 mil. € ",11,1,0,1,0,0,0,1,4
459,Chris Smalling,Centre-Back,29,England,AS Roma,"20,00 mil. € ",6,0,0,0,2,0,0,0,0
460,Jannik Vestergaard,Centre-Back,27,Denmark,Southampton FC,"20,00 mil. € ",9,1,0,0,1,0,0,0,2
461,Sead Kolasinac,Left-Back,26,Bosnia-Herzegovina,Arsenal FC,"20,00 mil. € ",9,0,0,1,3,0,0,2,1
462,Willi Orban,Centre-Back,26,Hungary,RB Leipzig,"20,00 mil. € ",14,1,0,0,1,0,0,1,0
463,Joshua King,Second Striker,27,Norway,AFC Bournemouth,"20,00 mil. € ",11,2,0,2,0,0,0,2,2
464,Sime Vrsaljko,Right-Back,27,Croatia,Atlético Madrid,"20,00 mil. € ",0,0,0,0,0,0,0,0,0
465,Francis Coquelin,Defensive Midfield,28,France,Valencia CF,"20,00 mil. € ",12,0,0,1,1,1,0,1,2
466,Luka Milivojevic,Defensive Midfield,28,Serbia,Crystal Palace,"20,00 mil. € ",10,2,0,0,6,0,0,0,2
467,Andrii Yarmolenko,Right Winger,30,Ukraine,West Ham United,"20,00 mil. € ",10,3,0,1,1,0,0,2,6
468,Pedro,Right Winger,32,Spain,Chelsea FC,"20,00 mil. € ",7,1,0,1,0,0,0,2,2
469,Yuri Berchiche,Left-Back,29,Spain,Athletic Bilbao,"20,00 mil. € ",8,0,0,0,0,0,0,0,0
470,José Callejón,Right Winger,32,Spain,SSC Napoli,"20,00 mil. € ",12,1,0,5,1,0,0,3,1
471,Nicolas N'Koulou,Centre-Back,29,Cameroon,Torino FC,"20,00 mil. € ",9,0,0,0,0,0,0,0,1
472,Nacho,Centre-Back,29,Spain,Real Madrid,"20,00 mil. € ",3,0,0,0,2,0,0,0,1
473,Giacomo Bonaventura,Central Midfield,30,Italy,AC Milan,"20,00 mil. € ",2,0,0,0,0,0,0,1,1
474,Diego Godín,Centre-Back,33,Uruguay,Inter Milan,"20,00 mil. € ",10,0,0,1,1,0,0,1,2
475,David Luiz,Centre-Back,32,Brazil,Arsenal FC,"20,00 mil. € ",10,2,0,0,2,0,0,0,0
476,Mario Balotelli,Centre-Forward,29,Italy,Brescia Calcio,"20,00 mil. € ",4,1,0,0,1,0,0,1,1
477,Rui Patrício,Goalkeeper,31,Portugal,Wolverhampton Wanderers,"20,00 mil. € ",18,0,0,0,0,0,0,0,0
478,Juan Mata,Attacking Midfield,31,Spain,Manchester United,"20,00 mil. € ",11,0,0,0,1,0,0,5,5
479,Radja Nainggolan,Central Midfield,31,Belgium,Cagliari Calcio,"20,00 mil. € ",7,1,0,1,4,0,0,1,4
480,Dejan Lovren,Centre-Back,30,Croatia,Liverpool FC,"20,00 mil. € ",4,0,0,0,1,0,0,0,0
481,David Silva,Attacking Midfield,33,Spain,Manchester City,"20,00 mil. € ",13,2,0,5,0,0,0,2,8
482,Sokratis,Centre-Back,31,Greece,Arsenal FC,"20,00 mil. € ",10,1,0,0,2,0,0,0,0
483,Armando Izzo,Centre-Back,27,Italy,Torino FC,"20,00 mil. € ",14,3,0,0,1,0,0,0,2
484,Luka Modric,Central Midfield,34,Croatia,Real Madrid,"20,00 mil. € ",5,1,0,1,0,0,1,3,0
485,Alessio Cragno,Goalkeeper,25,Italy,Cagliari Calcio,"20,00 mil. € ",0,0,0,0,0,0,0,0,0
486,Valentino Lazaro,Right Midfield,23,Austria,Inter Milan,"19,00 mil. € ",2,0,0,0,1,0,0,2,0
487,Ismaily,Left-Back,29,Brazil,Shakhtar Donetsk,"19,00 mil. € ",15,1,0,3,0,0,0,0,1
488,Steven Nzonzi,Defensive Midfield,30,France,Galatasaray SK,"19,00 mil. € ",11,0,0,1,2,0,0,0,0
489,Matheus Henrique,Central Midfield,21,Brazil,Grêmio Foot-Ball Porto Alegrense,"18,00 mil. € ",1,0,0,0,0,0,0,1,0
490,Benoît Badiashile,Centre-Back,18,France,AS Monaco,"18,00 mil. € ",15,0,0,0,1,0,0,1,0
491,Colin Dagba,Right-Back,21,France,Paris Saint-Germain,"18,00 mil. € ",7,0,0,0,1,0,0,2,2
492,Pedro,Centre-Forward,22,Brazil,ACF Fiorentina,"18,00 mil. € ",2,1,0,0,0,0,0,0,2
493,Fran Beltrán,Central Midfield,20,Spain,Celta de Vigo,"18,00 mil. € ",11,0,0,0,0,0,1,3,4
494,Boubacar Kamara,Centre-Back,19,France,Olympique Marseille,"18,00 mil. € ",11,1,0,0,4,0,1,1,0
495,Sean Longstaff,Central Midfield,21,England,Newcastle United,"18,00 mil. € ",8,0,0,1,1,0,1,1,1
496,Boubakary Soumaré,Defensive Midfield,20,France,LOSC Lille,"18,00 mil. € ",17,0,0,0,1,0,1,4,5
497,Malang Sarr,Left-Back,20,France,OGC Nice,"18,00 mil. € ",6,0,0,0,1,0,0,1,1
498,Theo Hernández,Left-Back,22,France,AC Milan,"18,00 mil. € ",6,2,0,1,1,0,0,1,0
499,Manuel Lazzari,Right Midfield,25,Italy,SS Lazio,"18,00 mil. € ",8,1,0,0,1,0,0,0,1
